algorithm,event_count,target_pattern_count,spatial_radius,temporal_window,threshold,pattern_count,mining_seconds,phase
sts_miner,9000,335,250.0,15.0,1.0,361,0.9860984580009244,low
sts_miner,9000,335,250.0,15.0,2.0,361,0.9895367910212371,high
sts_miner,9000,335,250.0,15.0,4.0,361,1.0129354590026196,expand_high
sts_miner,9000,335,250.0,15.0,8.0,361,0.9809949999907985,expand_high
sts_miner,9000,335,250.0,15.0,16.0,361,0.9884370840154588,expand_high
sts_miner,9000,335,250.0,15.0,32.0,351,0.9700597079936415,expand_high
sts_miner,9000,335,250.0,15.0,64.0,322,0.9282500419940334,expand_high
sts_miner,9000,335,250.0,15.0,48.0,339,0.9809211250103544,binary_1
