algorithm,event_count,target_pattern_count,spatial_radius,temporal_window,threshold,pattern_count,mining_seconds,phase
sts_miner,33000,798,250.0,15.0,1.0,928,6.796018916007597,low
sts_miner,33000,798,250.0,15.0,2.0,928,6.573102042020764,high
sts_miner,33000,798,250.0,15.0,4.0,928,6.733398707991,expand_high
sts_miner,33000,798,250.0,15.0,8.0,927,6.726018875022419,expand_high
sts_miner,33000,798,250.0,15.0,16.0,905,6.597140124998987,expand_high
sts_miner,33000,798,250.0,15.0,32.0,865,6.446576499991352,expand_high
sts_miner,33000,798,250.0,15.0,64.0,739,5.772471958014648,expand_high
sts_miner,33000,798,250.0,15.0,48.0,783,6.048934833990643,binary_1
