algorithm,event_count,target_pattern_count,spatial_radius,temporal_window,threshold,pattern_count,mining_seconds,phase
sts_miner,44000,710,250.0,15.0,1.0,1136,11.373842667002464,low
sts_miner,44000,710,250.0,15.0,2.0,1136,11.057743083016248,high
sts_miner,44000,710,250.0,15.0,4.0,1135,11.048930624994682,expand_high
sts_miner,44000,710,250.0,15.0,8.0,1129,11.075709000026109,expand_high
sts_miner,44000,710,250.0,15.0,16.0,1102,10.843022833025316,expand_high
sts_miner,44000,710,250.0,15.0,32.0,1015,10.218044624984032,expand_high
sts_miner,44000,710,250.0,15.0,64.0,892,9.305920415994478,expand_high
sts_miner,44000,710,250.0,15.0,128.0,652,7.416897541988874,expand_high
sts_miner,44000,710,250.0,15.0,96.0,749,8.21359445899725,binary_1
