algorithm,event_count,target_pattern_count,spatial_radius,temporal_window,threshold,pattern_count,mining_seconds,phase
sts_miner,14000,367,250.0,15.0,1.0,504,1.8721022499958053,low
sts_miner,14000,367,250.0,15.0,2.0,504,1.8657257499871776,high
sts_miner,14000,367,250.0,15.0,4.0,504,1.867881625017617,expand_high
sts_miner,14000,367,250.0,15.0,8.0,503,1.8570577079954091,expand_high
sts_miner,14000,367,250.0,15.0,16.0,496,1.8512057909974828,expand_high
sts_miner,14000,367,250.0,15.0,32.0,480,1.8279193329799455,expand_high
sts_miner,14000,367,250.0,15.0,64.0,424,1.7009117499983404,expand_high
sts_miner,14000,367,250.0,15.0,128.0,330,1.5037583749799524,expand_high
sts_miner,14000,367,250.0,15.0,96.0,378,1.6385491669934709,binary_1
