algorithm,event_count,target_pattern_count,spatial_radius,temporal_window,threshold,pattern_count,mining_seconds,phase
sts_miner,14500,389,250.0,15.0,1.0,516,1.9896772910142317,low
sts_miner,14500,389,250.0,15.0,2.0,516,1.9994046660140157,high
sts_miner,14500,389,250.0,15.0,4.0,516,1.9784934159833938,expand_high
sts_miner,14500,389,250.0,15.0,8.0,515,1.964845290989615,expand_high
sts_miner,14500,389,250.0,15.0,16.0,508,1.9795786249742378,expand_high
sts_miner,14500,389,250.0,15.0,32.0,489,1.928377999982331,expand_high
sts_miner,14500,389,250.0,15.0,64.0,431,1.7909722079930361,expand_high
sts_miner,14500,389,250.0,15.0,128.0,326,1.5905087080027442,expand_high
sts_miner,14500,389,250.0,15.0,96.0,384,1.6879494999884628,binary_1
