algorithm,event_count,target_pattern_count,spatial_radius,temporal_window,threshold,pattern_count,mining_seconds,phase
sts_miner,21500,684,250.0,15.0,1.0,725,3.639005000004545,low
sts_miner,21500,684,250.0,15.0,2.0,725,3.6054799999983516,high
sts_miner,21500,684,250.0,15.0,4.0,725,3.6813193330017384,expand_high
sts_miner,21500,684,250.0,15.0,8.0,724,3.6024246669840068,expand_high
sts_miner,21500,684,250.0,15.0,16.0,710,3.588588833983522,expand_high
sts_miner,21500,684,250.0,15.0,32.0,671,3.4437539580103476,expand_high
sts_miner,21500,684,250.0,15.0,24.0,690,3.566961625008844,binary_1
