algorithm,event_count,target_pattern_count,spatial_radius,temporal_window,threshold,pattern_count,mining_seconds,phase
sts_miner,28500,511,250.0,15.0,1.0,847,5.3498887500027195,low
sts_miner,28500,511,250.0,15.0,2.0,847,5.4651954589935485,high
sts_miner,28500,511,250.0,15.0,4.0,847,5.379450458975043,expand_high
sts_miner,28500,511,250.0,15.0,8.0,845,5.426314915996045,expand_high
sts_miner,28500,511,250.0,15.0,16.0,824,5.278877042001113,expand_high
sts_miner,28500,511,250.0,15.0,32.0,793,5.159957958996529,expand_high
sts_miner,28500,511,250.0,15.0,64.0,655,4.595344000001205,expand_high
sts_miner,28500,511,250.0,15.0,128.0,480,3.7835994999913964,expand_high
sts_miner,28500,511,250.0,15.0,96.0,554,4.135103249980602,binary_1
