algorithm,event_count,target_pattern_count,spatial_radius,temporal_window,threshold,pattern_count,mining_seconds,phase
sts_miner,37500,674,250.0,15.0,1.0,1037,8.628763124987017,low
sts_miner,37500,674,250.0,15.0,2.0,1037,8.488103916984983,high
sts_miner,37500,674,250.0,15.0,4.0,1037,8.455752040987136,expand_high
sts_miner,37500,674,250.0,15.0,8.0,1034,8.433335833979072,expand_high
sts_miner,37500,674,250.0,15.0,16.0,1004,8.236963749979623,expand_high
sts_miner,37500,674,250.0,15.0,32.0,961,7.9994625829858705,expand_high
sts_miner,37500,674,250.0,15.0,64.0,814,7.175997875019675,expand_high
sts_miner,37500,674,250.0,15.0,128.0,594,5.825764082983369,expand_high
sts_miner,37500,674,250.0,15.0,96.0,684,6.332092583994381,binary_1
