algorithm,event_count,target_pattern_count,spatial_radius,temporal_window,threshold,pattern_count,mining_seconds,phase
sts_miner,17000,551,250.0,15.0,1.0,639,2.650780334020965,low
sts_miner,17000,551,250.0,15.0,2.0,639,2.6046354159771,high
sts_miner,17000,551,250.0,15.0,4.0,639,2.6224512920016423,expand_high
sts_miner,17000,551,250.0,15.0,8.0,639,2.643091166013619,expand_high
sts_miner,17000,551,250.0,15.0,16.0,632,2.6036234170023818,expand_high
sts_miner,17000,551,250.0,15.0,32.0,609,2.5703278750006575,expand_high
sts_miner,17000,551,250.0,15.0,64.0,494,2.2821134999976493,expand_high
sts_miner,17000,551,250.0,15.0,48.0,575,2.4688315000094008,binary_1
