algorithm,event_count,target_pattern_count,spatial_radius,temporal_window,threshold,pattern_count,mining_seconds,phase
sts_miner,38000,990,250.0,15.0,1.0,1038,8.775069249997614,low
sts_miner,38000,990,250.0,15.0,2.0,1038,8.606515124993166,high
sts_miner,38000,990,250.0,15.0,4.0,1038,8.576024417008739,expand_high
sts_miner,38000,990,250.0,15.0,8.0,1035,8.546138375008013,expand_high
sts_miner,38000,990,250.0,15.0,16.0,1005,9.199628208007198,expand_high
sts_miner,38000,990,250.0,15.0,32.0,963,8.349600499990629,expand_high
sts_miner,38000,990,250.0,15.0,24.0,989,8.255561250000028,binary_1
