algorithm,event_count,target_pattern_count,spatial_radius,temporal_window,threshold,pattern_count,mining_seconds,phase
sts_miner,34500,908,250.0,15.0,1.0,953,7.45925775001524,low
sts_miner,34500,908,250.0,15.0,2.0,953,7.243825040990487,high
sts_miner,34500,908,250.0,15.0,4.0,953,7.209839292016113,expand_high
sts_miner,34500,908,250.0,15.0,8.0,950,7.1874918329995126,expand_high
sts_miner,34500,908,250.0,15.0,16.0,925,7.040529833000619,expand_high
sts_miner,34500,908,250.0,15.0,32.0,887,6.846220708015608,expand_high
sts_miner,34500,908,250.0,15.0,24.0,910,6.9886831249750685,binary_1
