algorithm,event_count,target_pattern_count,spatial_radius,temporal_window,threshold,pattern_count,mining_seconds,phase
sts_miner,30000,563,250.0,15.0,1.0,874,5.877774291991955,low
sts_miner,30000,563,250.0,15.0,2.0,874,5.7845651669777,high
sts_miner,30000,563,250.0,15.0,4.0,874,5.796801167016383,expand_high
sts_miner,30000,563,250.0,15.0,8.0,872,5.758808290993329,expand_high
sts_miner,30000,563,250.0,15.0,16.0,851,5.658793874987168,expand_high
sts_miner,30000,563,250.0,15.0,32.0,822,5.543839874997502,expand_high
sts_miner,30000,563,250.0,15.0,64.0,681,4.968607499991776,expand_high
sts_miner,30000,563,250.0,15.0,128.0,487,3.9650143340113573,expand_high
sts_miner,30000,563,250.0,15.0,96.0,578,4.491665291978279,binary_1
