algorithm,event_count,target_pattern_count,spatial_radius,temporal_window,threshold,pattern_count,mining_seconds,phase
sts_miner,47500,824,250.0,15.0,1.0,1200,12.931580583011964,low
sts_miner,47500,824,250.0,15.0,2.0,1200,12.603624166978989,high
sts_miner,47500,824,250.0,15.0,4.0,1199,12.64132024999708,expand_high
sts_miner,47500,824,250.0,15.0,8.0,1192,12.521317416016245,expand_high
sts_miner,47500,824,250.0,15.0,16.0,1165,12.336735207994934,expand_high
sts_miner,47500,824,250.0,15.0,32.0,1109,11.748732333013322,expand_high
sts_miner,47500,824,250.0,15.0,64.0,978,10.672080499993172,expand_high
sts_miner,47500,824,250.0,15.0,128.0,704,8.546347666997463,expand_high
sts_miner,47500,824,250.0,15.0,96.0,831,9.51939320800011,binary_1
