length,support,support_ratio,event_type_sequence,locations,weights,weight_ratios
2,7.306122334313062,0.7306122334313062,Home (private) -> Neighborhood,"[(-74.12710815668106, 40.9239254739202), (-74.00898152589798, 40.9239254739202)]","(7.306122334313062,)","(0.7306122334313062,)"
2,7.146211301151017,0.7146211301151018,Bar -> Neighborhood,"[(-73.94991821050644, 40.88144514932435), (-74.00898152589798, 40.9239254739202)]","(7.146211301151017,)","(0.7146211301151018,)"
2,6.5287683994181185,0.6528768399418119,Other Great Outdoors -> Neighborhood,"[(-74.00898152589798, 40.88144514932435), (-74.00898152589798, 40.9239254739202)]","(6.5287683994181185,)","(0.6528768399418119,)"
2,2.181952991401888,0.21819529914018881,Bar -> Medical Center,"[(-73.94991821050644, 40.6690435263451), (-73.83179157972336, 40.6690435263451)]","(2.181952991401888,)","(0.21819529914018881,)"
2,2.1755680004132447,0.21755680004132447,Other Great Outdoors -> Medical Center,"[(-73.94991821050644, 40.6690435263451), (-73.83179157972336, 40.6690435263451)]","(2.1755680004132447,)","(0.21755680004132447,)"
