length,support,support_ratio,event_type_sequence,locations,weights,weight_ratios
2,4.723731425230458,0.4723731425230458,Neighborhood -> Home (private),"[(-74.00898152589798, 40.9239254739202), (-73.94991821050644, 40.9239254739202)]","(4.723731425230458,)","(0.4723731425230458,)"
2,4.096207138615786,0.4096207138615786,College Academic Building -> Home (private),"[(-73.94991821050644, 40.8389648247285), (-73.94991821050644, 40.9239254739202)]","(4.096207138615786,)","(0.4096207138615786,)"
2,3.6250076731863965,0.36250076731863967,Building -> Home (private),"[(-73.8908548951149, 40.88144514932435), (-73.94991821050644, 40.9239254739202)]","(3.6250076731863965,)","(0.36250076731863967,)"
2,2.979483471093304,0.2979483471093304,Deli / Bodega -> Home (private),"[(-73.94991821050644, 40.8389648247285), (-73.94991821050644, 40.9239254739202)]","(2.979483471093304,)","(0.2979483471093304,)"
2,2.9310512648572877,0.2931051264857288,Other Great Outdoors -> Home (private),"[(-73.94991821050644, 40.8389648247285), (-73.94991821050644, 40.9239254739202)]","(2.9310512648572877,)","(0.2931051264857288,)"
2,2.6787798695035248,0.2678779869503525,Subway -> Home (private),"[(-73.94991821050644, 40.8389648247285), (-73.94991821050644, 40.9239254739202)]","(2.6787798695035248,)","(0.2678779869503525,)"
2,2.0268293252305467,0.20268293252305467,American Restaurant -> Home (private),"[(-74.06804484128952, 40.9239254739202), (-73.94991821050644, 40.9239254739202)]","(2.0268293252305467,)","(0.20268293252305467,)"
