algorithm,event_count,target_pattern_count,spatial_radius,temporal_window,threshold,pattern_count,mining_seconds,phase
stbfm,49500,49,250.0,15.0,0.0,790,2.4060055000009015,low
stbfm,49500,49,250.0,15.0,1.0,0,2.349362374996417,high
stbfm,49500,49,250.0,15.0,0.5,0,2.321334749998641,binary_1
stbfm,49500,49,250.0,15.0,0.25,0,2.3065736669959733,binary_2
stbfm,49500,49,250.0,15.0,0.125,0,2.340765459011891,binary_3
stbfm,49500,49,250.0,15.0,0.0625,0,2.340058667003177,binary_4
stbfm,49500,49,250.0,15.0,0.03125,3,2.3008266249962617,binary_5
stbfm,49500,49,250.0,15.0,0.015625,9,2.400103499996476,binary_6
stbfm,49500,49,250.0,15.0,0.0078125,48,2.373715916997753,binary_7
