algorithm,event_count,target_pattern_count,spatial_radius,temporal_window,threshold,pattern_count,mining_seconds,phase
stbfm,11500,43,250.0,15.0,0.0,317,0.5470537910005078,low
stbfm,11500,43,250.0,15.0,1.0,0,0.5164286250001169,high
stbfm,11500,43,250.0,15.0,0.5,0,0.5112847080017673,binary_1
stbfm,11500,43,250.0,15.0,0.25,0,0.5162137919978704,binary_2
stbfm,11500,43,250.0,15.0,0.125,0,0.5374132090000785,binary_3
stbfm,11500,43,250.0,15.0,0.0625,0,0.5102676669994253,binary_4
stbfm,11500,43,250.0,15.0,0.03125,3,0.5111629590028315,binary_5
stbfm,11500,43,250.0,15.0,0.015625,12,0.5124485829946934,binary_6
stbfm,11500,43,250.0,15.0,0.0078125,48,0.5389959160020226,binary_7
