sequence,length,participation_index,tail_event_count,last_participation_ratio
Subway -> Train Station,2,0.08823529411764706,3,0.08823529411764706
Gym / Fitness Center -> Deli / Bodega,2,0.07692307692307693,1,0.07692307692307693
Subway -> Deli / Bodega,2,0.07692307692307693,1,0.07692307692307693
Train Station -> Deli / Bodega,2,0.07692307692307693,1,0.07692307692307693
Food & Drink Shop -> Coffee Shop,2,0.07142857142857142,2,0.07142857142857142
Subway -> Coffee Shop,2,0.07142857142857142,2,0.07142857142857142
