sequence,length,participation_index,tail_event_count,last_participation_ratio
Office -> Coffee Shop,2,0.09883720930232558,17,0.09883720930232558
Bar -> American Restaurant,2,0.06818181818181818,6,0.06818181818181818
Office -> Deli / Bodega,2,0.06329113924050633,5,0.06329113924050633
Coffee Shop -> Office,2,0.05511811023622047,14,0.05511811023622047
Food & Drink Shop -> Park,2,0.049586776859504134,6,0.049586776859504134
Office -> Train Station,2,0.047619047619047616,7,0.047619047619047616
Office -> American Restaurant,2,0.045454545454545456,4,0.045454545454545456
Office -> Gym / Fitness Center,2,0.044444444444444446,8,0.044444444444444446
