algorithm,event_count,target_pattern_count,spatial_radius,temporal_window,threshold,pattern_count,mining_seconds,phase
stbfm,17500,51,250.0,15.0,0.0,413,0.7979714169996441,low
stbfm,17500,51,250.0,15.0,1.0,0,0.78622770900256,high
stbfm,17500,51,250.0,15.0,0.5,0,0.801993458000652,binary_1
stbfm,17500,51,250.0,15.0,0.25,0,0.7803641670034267,binary_2
stbfm,17500,51,250.0,15.0,0.125,0,0.7845390840011532,binary_3
stbfm,17500,51,250.0,15.0,0.0625,0,0.8044504169956781,binary_4
stbfm,17500,51,250.0,15.0,0.03125,3,0.778446874996007,binary_5
stbfm,17500,51,250.0,15.0,0.015625,10,0.7819229169981554,binary_6
stbfm,17500,51,250.0,15.0,0.0078125,48,0.8108022919986979,binary_7
