algorithm,event_count,target_pattern_count,spatial_radius,temporal_window,threshold,pattern_count,mining_seconds,phase
sts_miner,25000,878,250.0,15.0,1.0,1129,5.962157458008733,low
sts_miner,25000,878,250.0,15.0,2.0,1129,6.186112625000533,high
sts_miner,25000,878,250.0,15.0,4.0,1129,5.886401999974623,expand_high
sts_miner,25000,878,250.0,15.0,8.0,1128,5.935963416995946,expand_high
sts_miner,25000,878,250.0,15.0,16.0,1113,5.830215500027407,expand_high
sts_miner,25000,878,250.0,15.0,32.0,1076,5.740059250034392,expand_high
sts_miner,25000,878,250.0,15.0,64.0,913,5.184466874983627,expand_high
sts_miner,25000,878,250.0,15.0,128.0,737,4.433755750011187,expand_high
sts_miner,25000,878,250.0,15.0,96.0,835,4.84321183396969,binary_1
