algorithm,event_count,target_pattern_count,spatial_radius,temporal_window,threshold,pattern_count,mining_seconds,phase
sts_miner,44500,1558,250.0,15.0,1.0,1734,18.783068583987188,low
sts_miner,44500,1558,250.0,15.0,2.0,1734,19.88109500001883,high
sts_miner,44500,1558,250.0,15.0,4.0,1733,19.149506874964572,expand_high
sts_miner,44500,1558,250.0,15.0,8.0,1728,18.11045787500916,expand_high
sts_miner,44500,1558,250.0,15.0,16.0,1702,19.899525416025426,expand_high
sts_miner,44500,1558,250.0,15.0,32.0,1617,17.42651937500341,expand_high
sts_miner,44500,1558,250.0,15.0,64.0,1439,15.603852707950864,expand_high
sts_miner,44500,1558,250.0,15.0,48.0,1538,17.318125833990052,binary_1
