algorithm,event_count,target_pattern_count,spatial_radius,temporal_window,threshold,pattern_count,mining_seconds,phase
sts_miner,48500,1758,250.0,15.0,1.0,1840,26.534629916015547,low
sts_miner,48500,1758,250.0,15.0,2.0,1840,23.70845500001451,high
sts_miner,48500,1758,250.0,15.0,4.0,1839,26.73563566704979,expand_high
sts_miner,48500,1758,250.0,15.0,8.0,1833,25.23884366604034,expand_high
sts_miner,48500,1758,250.0,15.0,16.0,1805,21.443961416953243,expand_high
sts_miner,48500,1758,250.0,15.0,32.0,1694,19.924544166016858,expand_high
sts_miner,48500,1758,250.0,15.0,24.0,1770,25.16399645799538,binary_1
