algorithm,event_count,target_pattern_count,spatial_radius,temporal_window,threshold,pattern_count,mining_seconds,phase
sts_miner,7000,300,250.0,15.0,1.0,373,0.8220924169872887,low
sts_miner,7000,300,250.0,15.0,2.0,373,0.7887367499934044,high
sts_miner,7000,300,250.0,15.0,4.0,373,0.7985187089943793,expand_high
sts_miner,7000,300,250.0,15.0,8.0,373,0.7889325419964734,expand_high
sts_miner,7000,300,250.0,15.0,16.0,373,0.7886932500114199,expand_high
sts_miner,7000,300,250.0,15.0,32.0,367,0.7819827920175157,expand_high
sts_miner,7000,300,250.0,15.0,64.0,346,0.7875005829846486,expand_high
sts_miner,7000,300,250.0,15.0,128.0,290,0.7040401249832939,expand_high
sts_miner,7000,300,250.0,15.0,96.0,329,0.7470740000135265,binary_1
