algorithm,event_count,target_pattern_count,spatial_radius,temporal_window,threshold,pattern_count,mining_seconds,phase
sts_miner,25500,1046,250.0,15.0,1.0,1147,6.145299166964833,low
sts_miner,25500,1046,250.0,15.0,2.0,1147,6.1509599589626305,high
sts_miner,25500,1046,250.0,15.0,4.0,1147,6.199165500001982,expand_high
sts_miner,25500,1046,250.0,15.0,8.0,1145,6.168146624986548,expand_high
sts_miner,25500,1046,250.0,15.0,16.0,1130,6.125298750004731,expand_high
sts_miner,25500,1046,250.0,15.0,32.0,1092,5.975666917045601,expand_high
sts_miner,25500,1046,250.0,15.0,64.0,932,5.390538415987976,expand_high
sts_miner,25500,1046,250.0,15.0,48.0,992,5.7295181669760495,binary_1
