algorithm,event_count,target_pattern_count,spatial_radius,temporal_window,threshold,pattern_count,mining_seconds,phase
sts_miner,49000,1680,250.0,15.0,1.0,1872,28.725881416990887,low
sts_miner,49000,1680,250.0,15.0,2.0,1872,25.96165854204446,high
sts_miner,49000,1680,250.0,15.0,4.0,1871,24.64084654097678,expand_high
sts_miner,49000,1680,250.0,15.0,8.0,1865,26.734979166008998,expand_high
sts_miner,49000,1680,250.0,15.0,16.0,1840,23.391449708025903,expand_high
sts_miner,49000,1680,250.0,15.0,32.0,1754,20.499653041013516,expand_high
sts_miner,49000,1680,250.0,15.0,64.0,1548,19.427198665973265,expand_high
sts_miner,49000,1680,250.0,15.0,48.0,1680,20.90928854199592,binary_1
