algorithm,event_count,target_pattern_count,spatial_radius,temporal_window,threshold,pattern_count,mining_seconds,phase
sts_miner,35000,630,250.0,15.0,1.0,954,7.293204707995756,low
sts_miner,35000,630,250.0,15.0,2.0,954,7.287996791972546,high
sts_miner,35000,630,250.0,15.0,4.0,954,7.312640999996802,expand_high
sts_miner,35000,630,250.0,15.0,8.0,951,7.3334913330036215,expand_high
sts_miner,35000,630,250.0,15.0,16.0,922,7.136908707994735,expand_high
sts_miner,35000,630,250.0,15.0,32.0,888,6.924464832991362,expand_high
sts_miner,35000,630,250.0,15.0,64.0,760,6.246842708002077,expand_high
sts_miner,35000,630,250.0,15.0,128.0,541,5.026901915989583,expand_high
sts_miner,35000,630,250.0,15.0,96.0,625,5.550657833984587,binary_1
