sequence,length,sequence_index,tail_event_count,last_density_ratio
Coffee Shop -> Office,2,126.33334365634352,2905,126.33334365634352
Coffee Shop -> Office -> Coffee Shop,3,126.33334365634352,1129,147.6660026621642
Coffee Shop -> Office -> Coffee Shop -> Office,4,126.33334365634352,2537,243.020819576341
Coffee Shop -> Office -> Coffee Shop -> Office -> Building,5,126.33334365634352,374,127.34689624910044
Coffee Shop -> Office -> Coffee Shop -> Office -> Clothing Store,5,126.33334365634352,459,128.9204324884524
Coffee Shop -> Office -> Coffee Shop -> Office -> Coffee Shop,5,126.33334365634352,945,152.99298131330542
