algorithm,event_count,target_pattern_count,spatial_radius,temporal_window,threshold,pattern_count,mining_seconds,phase
sts_miner,38500,686,250.0,15.0,1.0,1047,9.113032084016595,low
sts_miner,38500,686,250.0,15.0,2.0,1047,8.738066582998727,high
sts_miner,38500,686,250.0,15.0,4.0,1047,8.700937499990687,expand_high
sts_miner,38500,686,250.0,15.0,8.0,1044,8.73945162500604,expand_high
sts_miner,38500,686,250.0,15.0,16.0,1015,8.623132833978161,expand_high
sts_miner,38500,686,250.0,15.0,32.0,971,8.292681499995524,expand_high
sts_miner,38500,686,250.0,15.0,64.0,820,7.41026812500786,expand_high
sts_miner,38500,686,250.0,15.0,128.0,599,6.021279457985656,expand_high
sts_miner,38500,686,250.0,15.0,96.0,694,6.636827000009362,binary_1
