algorithm,event_count,target_pattern_count,spatial_radius,temporal_window,threshold,pattern_count,mining_seconds,phase
sts_miner,29500,553,250.0,15.0,1.0,871,5.72416266601067,low
sts_miner,29500,553,250.0,15.0,2.0,871,5.637530375010101,high
sts_miner,29500,553,250.0,15.0,4.0,871,5.67876987499767,expand_high
sts_miner,29500,553,250.0,15.0,8.0,869,5.64353562501492,expand_high
sts_miner,29500,553,250.0,15.0,16.0,848,5.536957374977646,expand_high
sts_miner,29500,553,250.0,15.0,32.0,818,5.371548750001239,expand_high
sts_miner,29500,553,250.0,15.0,64.0,674,4.813730166992173,expand_high
sts_miner,29500,553,250.0,15.0,128.0,483,3.9060389579972252,expand_high
sts_miner,29500,553,250.0,15.0,96.0,571,4.302767250017496,binary_1
