algorithm,event_count,target_pattern_count,spatial_radius,temporal_window,threshold,pattern_count,mining_seconds,phase
sts_miner,30000,856,250.0,15.0,1.0,874,5.784941249992698,low
sts_miner,30000,856,250.0,15.0,2.0,874,5.7358367500128224,high
sts_miner,30000,856,250.0,15.0,4.0,874,5.746040250000078,expand_high
sts_miner,30000,856,250.0,15.0,8.0,872,5.736066667013802,expand_high
sts_miner,30000,856,250.0,15.0,16.0,851,5.6455850830243435,expand_high
sts_miner,30000,856,250.0,15.0,12.0,863,5.684628624992911,binary_1
