algorithm,event_count,target_pattern_count,spatial_radius,temporal_window,threshold,pattern_count,mining_seconds,phase
sts_miner,16000,596,250.0,15.0,1.0,637,2.4819367920281366,low
sts_miner,16000,596,250.0,15.0,2.0,637,2.490723833005177,high
sts_miner,16000,596,250.0,15.0,4.0,637,2.5152773750014603,expand_high
sts_miner,16000,596,250.0,15.0,8.0,636,2.5010200000251643,expand_high
sts_miner,16000,596,250.0,15.0,16.0,630,2.473018124990631,expand_high
sts_miner,16000,596,250.0,15.0,32.0,602,2.4548036250052974,expand_high
sts_miner,16000,596,250.0,15.0,64.0,496,2.1665042920212727,expand_high
sts_miner,16000,596,250.0,15.0,48.0,575,2.365299708006205,binary_1
