algorithm,event_count,target_pattern_count,spatial_radius,temporal_window,threshold,pattern_count,mining_seconds,phase
sts_miner,46500,931,250.0,15.0,1.0,1176,12.684252750012092,low
sts_miner,46500,931,250.0,15.0,2.0,1176,12.394725333986571,high
sts_miner,46500,931,250.0,15.0,4.0,1175,12.278492292010924,expand_high
sts_miner,46500,931,250.0,15.0,8.0,1168,12.218633707991103,expand_high
sts_miner,46500,931,250.0,15.0,16.0,1143,11.977487374999328,expand_high
sts_miner,46500,931,250.0,15.0,32.0,1087,11.434736874973169,expand_high
sts_miner,46500,931,250.0,15.0,64.0,922,10.260996166995028,expand_high
sts_miner,46500,931,250.0,15.0,48.0,1033,11.334706832974916,binary_1
sts_miner,46500,931,250.0,15.0,56.0,980,10.662882500007981,binary_2
