algorithm,event_count,target_pattern_count,spatial_radius,temporal_window,threshold,pattern_count,mining_seconds,phase
sts_miner,28500,752,250.0,15.0,1.0,847,5.497606416000053,low
sts_miner,28500,752,250.0,15.0,2.0,847,5.38202391701634,high
sts_miner,28500,752,250.0,15.0,4.0,847,5.364414874988142,expand_high
sts_miner,28500,752,250.0,15.0,8.0,845,5.363297625008272,expand_high
sts_miner,28500,752,250.0,15.0,16.0,824,5.264478458004305,expand_high
sts_miner,28500,752,250.0,15.0,32.0,793,5.136845542001538,expand_high
sts_miner,28500,752,250.0,15.0,64.0,655,4.615632625005674,expand_high
sts_miner,28500,752,250.0,15.0,48.0,705,4.827389291982399,binary_1
