sequence,length,sequence_index,tail_event_count,last_density_ratio
Office -> Building,2,630.5672363312964,22,630.5672363312964
Office -> Building -> Clothing Store,3,630.5672363312964,1,1436.8292603230834
Office -> Building -> College Academic Building,3,630.5672363312964,1,1031.312988245837
Office -> Building -> Office,3,630.5672363312964,3,1342.3438894628355
Office -> Building -> Office -> Building,4,630.5672363312964,1,7724.448645058381
Office -> Building -> Park,3,630.5672363312964,1,743.6854965491337
Office -> Building -> Train Station,3,630.5672363312964,2,1119.0428265654261
