algorithm,event_count,target_pattern_count,spatial_radius,temporal_window,threshold,pattern_count,mining_seconds,phase
sts_miner,47000,897,250.0,15.0,1.0,1186,12.307622416003142,low
sts_miner,47000,897,250.0,15.0,2.0,1186,12.28653337500873,high
sts_miner,47000,897,250.0,15.0,4.0,1185,12.25844116701046,expand_high
sts_miner,47000,897,250.0,15.0,8.0,1179,12.238756500009913,expand_high
sts_miner,47000,897,250.0,15.0,16.0,1154,12.03810700000031,expand_high
sts_miner,47000,897,250.0,15.0,32.0,1097,11.523496915993746,expand_high
sts_miner,47000,897,250.0,15.0,64.0,937,10.275553832994774,expand_high
sts_miner,47000,897,250.0,15.0,128.0,704,8.374073500017403,expand_high
sts_miner,47000,897,250.0,15.0,96.0,828,9.409132041997509,binary_1
