algorithm,event_count,target_pattern_count,spatial_radius,temporal_window,threshold,pattern_count,mining_seconds,phase
stbfm,7500,76,250.0,15.0,0.0,320,0.37978920800378546,low
stbfm,7500,76,250.0,15.0,1.0,0,0.3919467499945313,high
stbfm,7500,76,250.0,15.0,0.5,0,0.36626529099885374,binary_1
stbfm,7500,76,250.0,15.0,0.25,0,0.3662287500046659,binary_2
stbfm,7500,76,250.0,15.0,0.125,0,0.37046854197978973,binary_3
stbfm,7500,76,250.0,15.0,0.0625,0,0.366816291003488,binary_4
stbfm,7500,76,250.0,15.0,0.03125,6,0.36987641602172516,binary_5
stbfm,7500,76,250.0,15.0,0.015625,19,0.3694881669944152,binary_6
stbfm,7500,76,250.0,15.0,0.0078125,73,0.3934041249740403,binary_7
