algorithm,event_count,target_pattern_count,spatial_radius,temporal_window,threshold,pattern_count,mining_seconds,phase
stbfm,48000,65,250.0,15.0,0.0,1201,2.624793042021338,low
stbfm,48000,65,250.0,15.0,1.0,0,2.4441159999987576,high
stbfm,48000,65,250.0,15.0,0.5,0,2.5082920830172952,binary_1
stbfm,48000,65,250.0,15.0,0.25,0,2.5226640409964602,binary_2
stbfm,48000,65,250.0,15.0,0.125,0,2.4838397499988787,binary_3
stbfm,48000,65,250.0,15.0,0.0625,0,2.5081094579945784,binary_4
stbfm,48000,65,250.0,15.0,0.03125,3,2.514533207984641,binary_5
stbfm,48000,65,250.0,15.0,0.015625,15,2.556834124989109,binary_6
stbfm,48000,65,250.0,15.0,0.0078125,67,2.527905416005524,binary_7
