algorithm,event_count,target_pattern_count,spatial_radius,temporal_window,threshold,pattern_count,mining_seconds,phase
stbfm,36000,73,250.0,15.0,0.0,957,1.9197062920138706,low
stbfm,36000,73,250.0,15.0,1.0,0,1.8481187089928426,high
stbfm,36000,73,250.0,15.0,0.5,0,1.827370749990223,binary_1
stbfm,36000,73,250.0,15.0,0.25,0,1.8521808340155985,binary_2
stbfm,36000,73,250.0,15.0,0.125,0,1.856923832994653,binary_3
stbfm,36000,73,250.0,15.0,0.0625,0,1.8381854589970317,binary_4
stbfm,36000,73,250.0,15.0,0.03125,4,1.8617018329969142,binary_5
stbfm,36000,73,250.0,15.0,0.015625,17,1.867331000015838,binary_6
stbfm,36000,73,250.0,15.0,0.0078125,68,1.8960965829901397,binary_7
