algorithm,event_count,target_pattern_count,spatial_radius,temporal_window,threshold,pattern_count,mining_seconds,phase
stbfm,19500,7,250.0,15.0,0.0,679,1.0001622080162633,low
stbfm,19500,7,250.0,15.0,1.0,0,0.9866515420144424,high
stbfm,19500,7,250.0,15.0,0.5,0,0.9976883339986671,binary_1
stbfm,19500,7,250.0,15.0,0.25,0,0.9716946250118781,binary_2
stbfm,19500,7,250.0,15.0,0.125,0,0.9974861659866292,binary_3
stbfm,19500,7,250.0,15.0,0.0625,0,0.9702442920242902,binary_4
stbfm,19500,7,250.0,15.0,0.03125,5,0.9702036660164595,binary_5
stbfm,19500,7,250.0,15.0,0.015625,16,1.0031347080075648,binary_6
stbfm,19500,7,250.0,15.0,0.0234375,6,0.9797421249968465,binary_7
