algorithm,event_count,target_pattern_count,spatial_radius,temporal_window,threshold,pattern_count,mining_seconds,phase
stbfm,20500,18,250.0,15.0,0.0,709,1.0544634160178248,low
stbfm,20500,18,250.0,15.0,1.0,0,1.0589348330104258,high
stbfm,20500,18,250.0,15.0,0.5,0,1.035579957999289,binary_1
stbfm,20500,18,250.0,15.0,0.25,0,1.0445299590064678,binary_2
stbfm,20500,18,250.0,15.0,0.125,0,1.0210529169999063,binary_3
stbfm,20500,18,250.0,15.0,0.0625,0,1.0193735829961952,binary_4
stbfm,20500,18,250.0,15.0,0.03125,5,1.0507291249814443,binary_5
stbfm,20500,18,250.0,15.0,0.015625,17,1.0268113329948392,binary_6
