algorithm,event_count,target_pattern_count,spatial_radius,temporal_window,threshold,pattern_count,mining_seconds,phase
stbfm,23500,5,250.0,15.0,0.0,758,1.2470321660221089,low
stbfm,23500,5,250.0,15.0,1.0,0,1.1796732500079088,high
stbfm,23500,5,250.0,15.0,0.5,0,1.2167585419956595,binary_1
stbfm,23500,5,250.0,15.0,0.25,0,1.1774475419952068,binary_2
stbfm,23500,5,250.0,15.0,0.125,0,1.201429165987065,binary_3
stbfm,23500,5,250.0,15.0,0.0625,0,1.178935542004183,binary_4
stbfm,23500,5,250.0,15.0,0.03125,5,1.2050347919866908,binary_5
