algorithm,event_count,target_pattern_count,spatial_radius,temporal_window,threshold,pattern_count,mining_seconds,phase
stbfm,15000,73,250.0,15.0,0.0,524,0.7968019169929903,low
stbfm,15000,73,250.0,15.0,1.0,0,0.7485487500089221,high
stbfm,15000,73,250.0,15.0,0.5,0,0.7493718749901745,binary_1
stbfm,15000,73,250.0,15.0,0.25,0,0.7866394169977866,binary_2
stbfm,15000,73,250.0,15.0,0.125,0,0.7480333339772187,binary_3
stbfm,15000,73,250.0,15.0,0.0625,0,0.7477798339969013,binary_4
stbfm,15000,73,250.0,15.0,0.03125,5,0.7489572500053328,binary_5
stbfm,15000,73,250.0,15.0,0.015625,17,0.788106209016405,binary_6
stbfm,15000,73,250.0,15.0,0.0078125,69,0.7552564170036931,binary_7
