algorithm,event_count,target_pattern_count,spatial_radius,temporal_window,threshold,pattern_count,mining_seconds,phase
sts_miner,32000,1322,250.0,15.0,1.0,1334,9.187391000043135,low
sts_miner,32000,1322,250.0,15.0,2.0,1334,8.840782041021157,high
sts_miner,32000,1322,250.0,15.0,4.0,1334,8.817394124984276,expand_high
sts_miner,32000,1322,250.0,15.0,8.0,1332,8.830934834026266,expand_high
sts_miner,32000,1322,250.0,15.0,16.0,1312,8.714946750027593,expand_high
sts_miner,32000,1322,250.0,15.0,12.0,1323,8.721722250047605,binary_1
