algorithm,event_count,target_pattern_count,spatial_radius,temporal_window,threshold,pattern_count,mining_seconds,phase
sts_miner,44000,1639,250.0,15.0,1.0,1726,16.19067408295814,low
sts_miner,44000,1639,250.0,15.0,2.0,1726,15.67208137497073,high
sts_miner,44000,1639,250.0,15.0,4.0,1725,15.694294708024245,expand_high
sts_miner,44000,1639,250.0,15.0,8.0,1720,15.703589291020762,expand_high
sts_miner,44000,1639,250.0,15.0,16.0,1694,15.533618332992774,expand_high
sts_miner,44000,1639,250.0,15.0,32.0,1607,14.902612416946795,expand_high
sts_miner,44000,1639,250.0,15.0,24.0,1661,15.214469957980327,binary_1
