algorithm,event_count,target_pattern_count,spatial_radius,temporal_window,threshold,pattern_count,mining_seconds,phase
sts_miner,32500,1288,250.0,15.0,1.0,1336,9.180110208049882,low
sts_miner,32500,1288,250.0,15.0,2.0,1336,8.919528750004247,high
sts_miner,32500,1288,250.0,15.0,4.0,1336,8.943105874990579,expand_high
sts_miner,32500,1288,250.0,15.0,8.0,1334,8.94356104102917,expand_high
sts_miner,32500,1288,250.0,15.0,16.0,1314,8.829756291001104,expand_high
sts_miner,32500,1288,250.0,15.0,32.0,1279,8.66525866597658,expand_high
sts_miner,32500,1288,250.0,15.0,24.0,1294,8.741965624969453,binary_1
