algorithm,event_count,target_pattern_count,spatial_radius,temporal_window,threshold,pattern_count,mining_seconds,phase
sts_miner,15000,628,250.0,15.0,1.0,739,2.8932859169435687,low
sts_miner,15000,628,250.0,15.0,2.0,739,2.812702541006729,high
sts_miner,15000,628,250.0,15.0,4.0,739,2.8216826670104638,expand_high
sts_miner,15000,628,250.0,15.0,8.0,738,2.7497422919841483,expand_high
sts_miner,15000,628,250.0,15.0,16.0,728,2.6562215829617344,expand_high
sts_miner,15000,628,250.0,15.0,32.0,712,2.666827250039205,expand_high
sts_miner,15000,628,250.0,15.0,64.0,644,2.495191625028383,expand_high
sts_miner,15000,628,250.0,15.0,128.0,522,2.178573207987938,expand_high
sts_miner,15000,628,250.0,15.0,96.0,591,2.3415895419893786,binary_1
