algorithm,event_count,target_pattern_count,spatial_radius,temporal_window,threshold,pattern_count,mining_seconds,phase
sts_miner,34500,1039,250.0,15.0,1.0,1402,10.02819154196186,low
sts_miner,34500,1039,250.0,15.0,2.0,1402,10.04530291701667,high
sts_miner,34500,1039,250.0,15.0,4.0,1402,10.00535229203524,expand_high
sts_miner,34500,1039,250.0,15.0,8.0,1401,10.018862208002247,expand_high
sts_miner,34500,1039,250.0,15.0,16.0,1379,9.902380332991015,expand_high
sts_miner,34500,1039,250.0,15.0,32.0,1333,9.68323933397187,expand_high
sts_miner,34500,1039,250.0,15.0,64.0,1168,8.850680249975994,expand_high
sts_miner,34500,1039,250.0,15.0,128.0,908,7.320831167045981,expand_high
sts_miner,34500,1039,250.0,15.0,96.0,1028,7.970035917009227,binary_1
