algorithm,event_count,target_pattern_count,spatial_radius,temporal_window,threshold,pattern_count,mining_seconds,phase
sts_miner,34000,588,250.0,15.0,1.0,934,6.875995416994556,low
sts_miner,34000,588,250.0,15.0,2.0,934,6.90747720800573,high
sts_miner,34000,588,250.0,15.0,4.0,934,6.86071425001137,expand_high
sts_miner,34000,588,250.0,15.0,8.0,932,7.011175541992998,expand_high
sts_miner,34000,588,250.0,15.0,16.0,908,6.842169416995603,expand_high
sts_miner,34000,588,250.0,15.0,32.0,868,6.608504417003132,expand_high
sts_miner,34000,588,250.0,15.0,64.0,746,6.024547208013246,expand_high
sts_miner,34000,588,250.0,15.0,128.0,527,4.783737707999535,expand_high
sts_miner,34000,588,250.0,15.0,96.0,606,5.252227916003903,binary_1
