algorithm,event_count,target_pattern_count,spatial_radius,temporal_window,threshold,pattern_count,mining_seconds,phase
sts_miner,50000,1005,250.0,15.0,1.0,1210,13.898049583978718,low
sts_miner,50000,1005,250.0,15.0,2.0,1210,13.373549417010508,high
sts_miner,50000,1005,250.0,15.0,4.0,1210,13.35048850000021,expand_high
sts_miner,50000,1005,250.0,15.0,8.0,1200,13.32156516701798,expand_high
sts_miner,50000,1005,250.0,15.0,16.0,1173,12.995619166991673,expand_high
sts_miner,50000,1005,250.0,15.0,32.0,1114,12.492342750017997,expand_high
sts_miner,50000,1005,250.0,15.0,64.0,978,11.297156999993604,expand_high
sts_miner,50000,1005,250.0,15.0,48.0,1064,12.015998582995962,binary_1
