algorithm,event_count,target_pattern_count,spatial_radius,temporal_window,threshold,pattern_count,mining_seconds,phase
sts_miner,49000,843,250.0,15.0,1.0,1207,13.37198699999135,low
sts_miner,49000,843,250.0,15.0,2.0,1207,13.010279999987688,high
sts_miner,49000,843,250.0,15.0,4.0,1207,12.993636249972042,expand_high
sts_miner,49000,843,250.0,15.0,8.0,1197,12.991022750007687,expand_high
sts_miner,49000,843,250.0,15.0,16.0,1170,12.674066665989812,expand_high
sts_miner,49000,843,250.0,15.0,32.0,1114,12.244511500000954,expand_high
sts_miner,49000,843,250.0,15.0,64.0,976,10.940645333001157,expand_high
sts_miner,49000,843,250.0,15.0,128.0,701,8.73904683397268,expand_high
sts_miner,49000,843,250.0,15.0,96.0,828,9.780494709004415,binary_1
