algorithm,event_count,target_pattern_count,spatial_radius,temporal_window,threshold,pattern_count,mining_seconds,phase
sts_miner,24500,626,250.0,15.0,1.0,771,4.269288958006655,low
sts_miner,24500,626,250.0,15.0,2.0,771,4.352542332999292,high
sts_miner,24500,626,250.0,15.0,4.0,771,4.293751624994911,expand_high
sts_miner,24500,626,250.0,15.0,8.0,768,4.347464791993843,expand_high
sts_miner,24500,626,250.0,15.0,16.0,752,4.236187792004785,expand_high
sts_miner,24500,626,250.0,15.0,32.0,716,4.164529166999273,expand_high
sts_miner,24500,626,250.0,15.0,64.0,585,3.6795011249923846,expand_high
sts_miner,24500,626,250.0,15.0,48.0,625,3.8025048330018762,binary_1
