algorithm,event_count,target_pattern_count,spatial_radius,temporal_window,threshold,pattern_count,mining_seconds,phase
sts_miner,6500,232,250.0,15.0,1.0,272,0.6571425830043154,low
sts_miner,6500,232,250.0,15.0,2.0,272,0.6188754579925444,high
sts_miner,6500,232,250.0,15.0,4.0,272,0.6151804999972228,expand_high
sts_miner,6500,232,250.0,15.0,8.0,272,0.6525027919997228,expand_high
sts_miner,6500,232,250.0,15.0,16.0,272,0.6201562919886783,expand_high
sts_miner,6500,232,250.0,15.0,32.0,266,0.6027261249982985,expand_high
sts_miner,6500,232,250.0,15.0,64.0,249,0.5811729159904644,expand_high
sts_miner,6500,232,250.0,15.0,128.0,199,0.5356197500077542,expand_high
sts_miner,6500,232,250.0,15.0,96.0,235,0.5725242500047898,binary_1
