algorithm,event_count,target_pattern_count,spatial_radius,temporal_window,threshold,pattern_count,mining_seconds,phase
sts_miner,42000,1068,250.0,15.0,1.0,1105,10.15428954201343,low
sts_miner,42000,1068,250.0,15.0,2.0,1105,10.10963945799449,high
sts_miner,42000,1068,250.0,15.0,4.0,1104,10.055648207999184,expand_high
sts_miner,42000,1068,250.0,15.0,8.0,1099,10.084763916995144,expand_high
sts_miner,42000,1068,250.0,15.0,16.0,1071,9.848540542006958,expand_high
sts_miner,42000,1068,250.0,15.0,32.0,990,9.366584791991045,expand_high
sts_miner,42000,1068,250.0,15.0,24.0,1048,9.687142666996806,binary_1
