algorithm,event_count,target_pattern_count,spatial_radius,temporal_window,threshold,pattern_count,mining_seconds,phase
sts_miner,14000,354,250.0,15.0,1.0,393,1.545183750000433,low
sts_miner,14000,354,250.0,15.0,2.0,393,1.5689561660037725,high
sts_miner,14000,354,250.0,15.0,4.0,393,1.5373155000052066,expand_high
sts_miner,14000,354,250.0,15.0,8.0,393,1.5297855419994448,expand_high
sts_miner,14000,354,250.0,15.0,16.0,386,1.5575930830018478,expand_high
sts_miner,14000,354,250.0,15.0,32.0,367,1.4784627499975613,expand_high
sts_miner,14000,354,250.0,15.0,64.0,304,1.3519011250027688,expand_high
sts_miner,14000,354,250.0,15.0,48.0,346,1.457307041004242,binary_1
