sequence,length,sequence_index,tail_event_count,last_density_ratio
Coffee Shop -> Office,2,681.3406488536414,109,681.3406488536414
Coffee Shop -> Office -> Deli / Bodega,3,681.3406488536414,2,711.3694497640477
Coffee Shop -> Office -> Deli / Bodega -> Park,4,681.3406488536414,1,16268.152542945802
Coffee Shop -> Office -> Park,3,681.3406488536414,3,895.4946353915119
Other Great Outdoors -> Park,2,660.412146533659,29,660.412146533659
