algorithm,event_count,target_pattern_count,spatial_radius,temporal_window,threshold,pattern_count,mining_seconds,phase
sts_miner,9000,184,250.0,15.0,1.0,237,0.7462916250005946,low
sts_miner,9000,184,250.0,15.0,2.0,237,0.7695118339979672,high
sts_miner,9000,184,250.0,15.0,4.0,237,0.7459874999985914,expand_high
sts_miner,9000,184,250.0,15.0,8.0,237,0.739158625001437,expand_high
sts_miner,9000,184,250.0,15.0,16.0,234,0.7371500829976867,expand_high
sts_miner,9000,184,250.0,15.0,32.0,226,0.7267982499979553,expand_high
sts_miner,9000,184,250.0,15.0,64.0,201,0.7238341659976868,expand_high
sts_miner,9000,184,250.0,15.0,128.0,135,0.6029751660025795,expand_high
sts_miner,9000,184,250.0,15.0,96.0,176,0.6585929169959854,binary_1
