algorithm,event_count,target_pattern_count,spatial_radius,temporal_window,threshold,pattern_count,mining_seconds,phase
sts_miner,45000,685,250.0,15.0,1.0,708,7.683831208996708,low
sts_miner,45000,685,250.0,15.0,2.0,708,7.762186125000881,high
sts_miner,45000,685,250.0,15.0,4.0,707,7.500577625003643,expand_high
sts_miner,45000,685,250.0,15.0,8.0,697,7.632179082997027,expand_high
sts_miner,45000,685,250.0,15.0,16.0,683,7.396934332995443,expand_high
sts_miner,45000,685,250.0,15.0,12.0,690,7.444503541002632,binary_1
