algorithm,event_count,target_pattern_count,spatial_radius,temporal_window,threshold,pattern_count,mining_seconds,phase
sts_miner,25500,486,250.0,15.0,1.0,534,3.4080450830006157,low
sts_miner,25500,486,250.0,15.0,2.0,534,3.3544142920000013,high
sts_miner,25500,486,250.0,15.0,4.0,534,3.3731006250018254,expand_high
sts_miner,25500,486,250.0,15.0,8.0,532,3.340099041997746,expand_high
sts_miner,25500,486,250.0,15.0,16.0,516,3.326219583999773,expand_high
sts_miner,25500,486,250.0,15.0,32.0,498,3.225907833002566,expand_high
sts_miner,25500,486,250.0,15.0,64.0,414,2.923707709000155,expand_high
sts_miner,25500,486,250.0,15.0,48.0,448,3.0792866249976214,binary_1
