algorithm,event_count,target_pattern_count,spatial_radius,temporal_window,threshold,pattern_count,mining_seconds,phase
sts_miner,34500,385,250.0,15.0,1.0,622,5.124749167000118,low
sts_miner,34500,385,250.0,15.0,2.0,622,5.113536625001871,high
sts_miner,34500,385,250.0,15.0,4.0,621,5.104787082993425,expand_high
sts_miner,34500,385,250.0,15.0,8.0,616,5.068848750001052,expand_high
sts_miner,34500,385,250.0,15.0,16.0,602,5.041432625002926,expand_high
sts_miner,34500,385,250.0,15.0,32.0,560,4.8018081659975,expand_high
sts_miner,34500,385,250.0,15.0,64.0,497,4.447980207994988,expand_high
sts_miner,34500,385,250.0,15.0,128.0,345,3.6107960420049494,expand_high
sts_miner,34500,385,250.0,15.0,96.0,411,3.9726489589957055,binary_1
