algorithm,event_count,target_pattern_count,spatial_radius,temporal_window,threshold,pattern_count,mining_seconds,phase
sts_miner,46000,698,250.0,15.0,1.0,718,8.330315667000832,low
sts_miner,46000,698,250.0,15.0,2.0,718,7.970157791998645,high
sts_miner,46000,698,250.0,15.0,4.0,717,7.962285041998257,expand_high
sts_miner,46000,698,250.0,15.0,8.0,708,7.895915500004776,expand_high
sts_miner,46000,698,250.0,15.0,16.0,695,7.890166375000263,expand_high
sts_miner,46000,698,250.0,15.0,12.0,702,7.846333916000731,binary_1
