algorithm,event_count,target_pattern_count,spatial_radius,temporal_window,threshold,pattern_count,mining_seconds,phase
sts_miner,8000,176,250.0,15.0,1.0,231,0.6593506670033094,low
sts_miner,8000,176,250.0,15.0,2.0,231,0.6570044999971287,high
sts_miner,8000,176,250.0,15.0,4.0,231,0.693691458000103,expand_high
sts_miner,8000,176,250.0,15.0,8.0,231,0.6579645000019809,expand_high
sts_miner,8000,176,250.0,15.0,16.0,231,0.6562774170015473,expand_high
sts_miner,8000,176,250.0,15.0,32.0,221,0.6471848750006757,expand_high
sts_miner,8000,176,250.0,15.0,64.0,199,0.626172583004518,expand_high
sts_miner,8000,176,250.0,15.0,128.0,151,0.5680571660050191,expand_high
sts_miner,8000,176,250.0,15.0,96.0,174,0.6152204999962123,binary_1
