algorithm,event_count,target_pattern_count,spatial_radius,temporal_window,threshold,pattern_count,mining_seconds,phase
sts_miner,22500,397,250.0,15.0,1.0,460,2.673368957999628,low
sts_miner,22500,397,250.0,15.0,2.0,460,2.6765264999994542,high
sts_miner,22500,397,250.0,15.0,4.0,460,2.637460416997783,expand_high
sts_miner,22500,397,250.0,15.0,8.0,459,2.6749405420050607,expand_high
sts_miner,22500,397,250.0,15.0,16.0,444,2.600481667002896,expand_high
sts_miner,22500,397,250.0,15.0,32.0,426,2.5783115420053946,expand_high
sts_miner,22500,397,250.0,15.0,64.0,351,2.2947252909943927,expand_high
sts_miner,22500,397,250.0,15.0,48.0,372,2.3848276249991613,binary_1
