algorithm,event_count,target_pattern_count,spatial_radius,temporal_window,threshold,pattern_count,mining_seconds,phase
stbfm,21500,44,250.0,15.0,0.0,455,1.0007379999997283,low
stbfm,21500,44,250.0,15.0,1.0,0,0.9560912079996342,high
stbfm,21500,44,250.0,15.0,0.5,0,0.9909595829994942,binary_1
stbfm,21500,44,250.0,15.0,0.25,0,0.9561174999998912,binary_2
stbfm,21500,44,250.0,15.0,0.125,0,0.9561137909995523,binary_3
stbfm,21500,44,250.0,15.0,0.0625,0,0.9786381250005434,binary_4
stbfm,21500,44,250.0,15.0,0.03125,3,0.9593507500003398,binary_5
stbfm,21500,44,250.0,15.0,0.015625,8,0.9897807080005805,binary_6
stbfm,21500,44,250.0,15.0,0.0078125,45,0.9647750829999495,binary_7
