algorithm,event_count,target_pattern_count,spatial_radius,temporal_window,threshold,pattern_count,mining_seconds,phase
stbfm,17000,46,250.0,15.0,0.0,409,0.8582397079999282,low
stbfm,17000,46,250.0,15.0,1.0,0,0.8780895419999979,high
stbfm,17000,46,250.0,15.0,0.5,0,0.8428173339998466,binary_1
stbfm,17000,46,250.0,15.0,0.25,0,0.8488621249998687,binary_2
stbfm,17000,46,250.0,15.0,0.125,0,0.8750955830000748,binary_3
stbfm,17000,46,250.0,15.0,0.0625,0,0.8416746670000066,binary_4
stbfm,17000,46,250.0,15.0,0.03125,3,0.8436221250003655,binary_5
stbfm,17000,46,250.0,15.0,0.015625,10,0.8791390840001441,binary_6
stbfm,17000,46,250.0,15.0,0.0078125,48,0.8552326250000988,binary_7
