algorithm,event_count,target_pattern_count,spatial_radius,temporal_window,threshold,pattern_count,mining_seconds,phase
stbfm,4000,39,250.0,15.0,0.0,154,0.17788579199998367,low
stbfm,4000,39,250.0,15.0,1.0,0,0.17628616700000066,high
stbfm,4000,39,250.0,15.0,0.5,0,0.17361204200000202,binary_1
stbfm,4000,39,250.0,15.0,0.25,0,0.17376574999997274,binary_2
stbfm,4000,39,250.0,15.0,0.125,0,0.1736900409999862,binary_3
stbfm,4000,39,250.0,15.0,0.0625,0,0.17354545799997823,binary_4
stbfm,4000,39,250.0,15.0,0.03125,3,0.1769858339999928,binary_5
stbfm,4000,39,250.0,15.0,0.015625,12,0.1755817499999921,binary_6
stbfm,4000,39,250.0,15.0,0.0078125,40,0.1983186669999668,binary_7
