algorithm,event_count,target_pattern_count,spatial_radius,temporal_window,threshold,pattern_count,mining_seconds,phase
stbfm,500,28,250.0,15.0,0.0,29,0.023391333000006398,low
stbfm,500,28,250.0,15.0,1.0,0,0.023319958999991286,high
stbfm,500,28,250.0,15.0,0.5,0,0.023072833000014725,binary_1
stbfm,500,28,250.0,15.0,0.25,0,0.022498957999999902,binary_2
stbfm,500,28,250.0,15.0,0.125,0,0.022583416999992778,binary_3
stbfm,500,28,250.0,15.0,0.0625,3,0.02275354200000379,binary_4
stbfm,500,28,250.0,15.0,0.03125,16,0.02297791699999152,binary_5
stbfm,500,28,250.0,15.0,0.015625,27,0.023140958000027467,binary_6
