algorithm,event_count,target_pattern_count,spatial_radius,temporal_window,threshold,pattern_count,mining_seconds,phase
stbfm,2500,16,250.0,15.0,0.0,108,0.11308516700000837,low
stbfm,2500,16,250.0,15.0,1.0,0,0.1104487499999891,high
stbfm,2500,16,250.0,15.0,0.5,0,0.11364829199999349,binary_1
stbfm,2500,16,250.0,15.0,0.25,0,0.1147366669999883,binary_2
stbfm,2500,16,250.0,15.0,0.125,0,0.11195187500004522,binary_3
stbfm,2500,16,250.0,15.0,0.0625,2,0.11008187499999167,binary_4
stbfm,2500,16,250.0,15.0,0.03125,3,0.11150295900000629,binary_5
stbfm,2500,16,250.0,15.0,0.015625,16,0.11952495799999951,binary_6
