length,support,support_ratio,event_type_sequence,locations,weights,weight_ratios
2,6.980029137605853,0.6980029137605853,Home (private) -> Bar,"[(-73.77272826433182, 40.62521200297396), (-73.71366494894028, 40.66785129213161)]","(6.980029137605853,)","(0.6980029137605853,)"
2,4.080138409128551,0.40801384091285514,Food & Drink Shop -> Coffee Shop,"[(-74.1861714720726, 40.83840844876221), (-74.12710815668106, 40.88104773791986)]","(4.080138409128551,)","(0.40801384091285514,)"
2,2.720581695033582,0.2720581695033582,Home (private) -> Gym / Fitness Center,"[(-74.00898152589798, 40.58257271381631), (-74.00898152589798, 40.66785129213161)]","(2.720581695033582,)","(0.2720581695033582,)"
2,2.6059364204000284,0.26059364204000285,Park -> Food & Drink Shop,"[(-73.94991821050644, 40.79576915960456), (-73.8908548951149, 40.83840844876221)]","(2.6059364204000284,)","(0.26059364204000285,)"
2,2.30190746325646,0.23019074632564598,Subway -> Food & Drink Shop,"[(-73.8908548951149, 40.88104773791986), (-73.8908548951149, 40.83840844876221)]","(2.30190746325646,)","(0.23019074632564598,)"
2,2.1837260146843036,0.21837260146843035,Other Great Outdoors -> Building,"[(-73.77272826433182, 40.79576915960456), (-73.83179157972336, 40.83840844876221)]","(2.1837260146843036,)","(0.21837260146843035,)"
2,2.1109797850306955,0.21109797850306955,Medical Center -> Gym / Fitness Center,"[(-74.00898152589798, 40.66785129213161), (-74.00898152589798, 40.66785129213161)]","(2.1109797850306955,)","(0.21109797850306955,)"
2,2.0349831534895637,0.20349831534895638,Subway -> Building,"[(-73.8908548951149, 40.88104773791986), (-73.83179157972336, 40.83840844876221)]","(2.0349831534895637,)","(0.20349831534895638,)"
