algorithm,event_count,target_pattern_count,spatial_radius,temporal_window,threshold,pattern_count,mining_seconds,phase
sts_miner,33000,476,250.0,15.0,1.0,596,4.7701089160036645,low
sts_miner,33000,476,250.0,15.0,2.0,596,4.68092295799579,high
sts_miner,33000,476,250.0,15.0,4.0,596,4.6698159579973435,expand_high
sts_miner,33000,476,250.0,15.0,8.0,593,4.6681355420005275,expand_high
sts_miner,33000,476,250.0,15.0,16.0,575,4.605053125000268,expand_high
sts_miner,33000,476,250.0,15.0,32.0,553,4.469962916999066,expand_high
sts_miner,33000,476,250.0,15.0,64.0,472,4.0633542080031475,expand_high
sts_miner,33000,476,250.0,15.0,48.0,504,4.277071457996499,binary_1
