algorithm,event_count,target_pattern_count,spatial_radius,temporal_window,threshold,pattern_count,mining_seconds,phase
sts_miner,43500,684,250.0,15.0,1.0,701,8.193773207996855,low
sts_miner,43500,684,250.0,15.0,2.0,701,7.7878945829943405,high
sts_miner,43500,684,250.0,15.0,4.0,701,7.962506957999722,expand_high
sts_miner,43500,684,250.0,15.0,8.0,691,7.841248042001098,expand_high
sts_miner,43500,684,250.0,15.0,16.0,677,7.659490917001676,expand_high
sts_miner,43500,684,250.0,15.0,12.0,684,8.798076250001031,binary_1
