algorithm,event_count,target_pattern_count,spatial_radius,temporal_window,threshold,pattern_count,mining_seconds,phase
sts_miner,16000,393,250.0,15.0,1.0,399,1.75850279199949,low
sts_miner,16000,393,250.0,15.0,2.0,399,1.735458083996491,high
sts_miner,16000,393,250.0,15.0,4.0,399,1.7230289579965756,expand_high
sts_miner,16000,393,250.0,15.0,8.0,399,1.756076124998799,expand_high
sts_miner,16000,393,250.0,15.0,16.0,392,1.7068224169997848,expand_high
sts_miner,16000,393,250.0,15.0,12.0,395,1.7162681670015445,binary_1
