algorithm,event_count,target_pattern_count,spatial_radius,temporal_window,threshold,pattern_count,mining_seconds,phase
sts_miner,5000,150,250.0,15.0,1.0,173,0.36123858299833955,low
sts_miner,5000,150,250.0,15.0,2.0,173,0.3592270420049317,high
sts_miner,5000,150,250.0,15.0,4.0,173,0.35967058400274254,expand_high
sts_miner,5000,150,250.0,15.0,8.0,173,0.36274845800653566,expand_high
sts_miner,5000,150,250.0,15.0,16.0,173,0.35883737500262214,expand_high
sts_miner,5000,150,250.0,15.0,32.0,170,0.3566270830051508,expand_high
sts_miner,5000,150,250.0,15.0,64.0,161,0.3520454579993384,expand_high
sts_miner,5000,150,250.0,15.0,128.0,121,0.3239893749996554,expand_high
sts_miner,5000,150,250.0,15.0,96.0,139,0.3362193749999278,binary_1
