algorithm,event_count,target_pattern_count,spatial_radius,temporal_window,threshold,pattern_count,mining_seconds,phase
sts_miner,3500,136,250.0,15.0,1.0,150,0.23933320899959654,low
sts_miner,3500,136,250.0,15.0,2.0,150,0.24034658299933653,high
sts_miner,3500,136,250.0,15.0,4.0,150,0.23849254100059625,expand_high
sts_miner,3500,136,250.0,15.0,8.0,150,0.26543862499966053,expand_high
sts_miner,3500,136,250.0,15.0,16.0,150,0.2387836249981774,expand_high
sts_miner,3500,136,250.0,15.0,32.0,150,0.2390399579962832,expand_high
sts_miner,3500,136,250.0,15.0,64.0,142,0.23388225000235252,expand_high
sts_miner,3500,136,250.0,15.0,128.0,115,0.21948679200431798,expand_high
sts_miner,3500,136,250.0,15.0,96.0,132,0.22765670900116675,binary_1
