algorithm,event_count,target_pattern_count,spatial_radius,temporal_window,threshold,pattern_count,mining_seconds,phase
sts_miner,19000,343,250.0,15.0,1.0,432,2.177554665999196,low
sts_miner,19000,343,250.0,15.0,2.0,432,2.1728520409960765,high
sts_miner,19000,343,250.0,15.0,4.0,432,2.1708839580023778,expand_high
sts_miner,19000,343,250.0,15.0,8.0,431,2.192796957999235,expand_high
sts_miner,19000,343,250.0,15.0,16.0,416,2.124910958998953,expand_high
sts_miner,19000,343,250.0,15.0,32.0,394,2.089104499995301,expand_high
sts_miner,19000,343,250.0,15.0,64.0,314,1.8421870409947587,expand_high
sts_miner,19000,343,250.0,15.0,48.0,343,1.9103490409979713,binary_1
