algorithm,event_count,target_pattern_count,spatial_radius,temporal_window,threshold,pattern_count,mining_seconds,phase
sts_miner,7000,157,250.0,15.0,1.0,217,0.5630567499974859,low
sts_miner,7000,157,250.0,15.0,2.0,217,0.5652337499996065,high
sts_miner,7000,157,250.0,15.0,4.0,217,0.5607496669981629,expand_high
sts_miner,7000,157,250.0,15.0,8.0,217,0.5606287500049802,expand_high
sts_miner,7000,157,250.0,15.0,16.0,217,0.5859900409996044,expand_high
sts_miner,7000,157,250.0,15.0,32.0,208,0.5530879169964464,expand_high
sts_miner,7000,157,250.0,15.0,64.0,191,0.534279665997019,expand_high
sts_miner,7000,157,250.0,15.0,128.0,149,0.49338504199840827,expand_high
sts_miner,7000,157,250.0,15.0,96.0,167,0.5133228750055423,binary_1
