sequence,length,sequence_index,tail_event_count,last_density_ratio
Park -> American Restaurant,2,1013.1333703423801,1,1013.1333703423801
Food & Drink Shop -> Coffee Shop,2,890.8586532320928,2,890.8586532320928
Train Station -> Deli / Bodega,2,818.3000298919222,1,818.3000298919222
Coffee Shop -> Office,2,782.8757861736574,2,782.8757861736574
