algorithm,event_count,target_pattern_count,spatial_radius,temporal_window,threshold,pattern_count,mining_seconds,phase
sts_miner,30000,441,250.0,15.0,1.0,588,4.253224041000067,low
sts_miner,30000,441,250.0,15.0,2.0,588,4.250170166000316,high
sts_miner,30000,441,250.0,15.0,4.0,588,4.246483209004509,expand_high
sts_miner,30000,441,250.0,15.0,8.0,585,4.198187082998629,expand_high
sts_miner,30000,441,250.0,15.0,16.0,568,4.178644874999009,expand_high
sts_miner,30000,441,250.0,15.0,32.0,550,4.069090167002287,expand_high
sts_miner,30000,441,250.0,15.0,64.0,476,3.763130708000972,expand_high
sts_miner,30000,441,250.0,15.0,128.0,329,2.9977334999930463,expand_high
sts_miner,30000,441,250.0,15.0,96.0,396,3.3581732910024584,binary_1
