algorithm,event_count,target_pattern_count,spatial_radius,temporal_window,threshold,pattern_count,mining_seconds,phase
sts_miner,49000,510,250.0,15.0,1.0,789,11.584755500007304,low
sts_miner,49000,510,250.0,15.0,2.0,789,10.346135125000728,high
sts_miner,49000,510,250.0,15.0,4.0,789,10.597830124999746,expand_high
sts_miner,49000,510,250.0,15.0,8.0,778,11.707897915999638,expand_high
sts_miner,49000,510,250.0,15.0,16.0,766,10.468340999999782,expand_high
sts_miner,49000,510,250.0,15.0,32.0,736,11.223426917000324,expand_high
sts_miner,49000,510,250.0,15.0,64.0,663,9.26551283300796,expand_high
sts_miner,49000,510,250.0,15.0,128.0,456,6.617660707997857,expand_high
sts_miner,49000,510,250.0,15.0,96.0,559,12.31676258299558,binary_1
