algorithm,event_count,target_pattern_count,spatial_radius,temporal_window,threshold,pattern_count,mining_seconds,phase
sts_miner,14500,392,250.0,15.0,1.0,393,1.6048315419975552,low
sts_miner,14500,392,250.0,15.0,2.0,393,1.575044416997116,high
sts_miner,14500,392,250.0,15.0,4.0,393,1.6088791669972125,expand_high
sts_miner,14500,392,250.0,15.0,8.0,393,1.573777333003818,expand_high
sts_miner,14500,392,250.0,15.0,16.0,386,1.5761086249985965,expand_high
sts_miner,14500,392,250.0,15.0,12.0,388,1.5883847910008626,binary_1
