algorithm,event_count,target_pattern_count,spatial_radius,temporal_window,threshold,pattern_count,mining_seconds,phase
sts_miner,8500,228,250.0,15.0,1.0,235,0.7080666670008213,low
sts_miner,8500,228,250.0,15.0,2.0,235,0.7255702079928597,high
sts_miner,8500,228,250.0,15.0,4.0,235,0.7108208330027992,expand_high
sts_miner,8500,228,250.0,15.0,8.0,235,0.7015022919949843,expand_high
sts_miner,8500,228,250.0,15.0,16.0,235,0.7025732920010341,expand_high
sts_miner,8500,228,250.0,15.0,32.0,224,0.690625999995973,expand_high
sts_miner,8500,228,250.0,15.0,24.0,228,0.6981142499935231,binary_1
