algorithm,event_count,target_pattern_count,spatial_radius,temporal_window,threshold,pattern_count,mining_seconds,phase
sts_miner,15000,251,250.0,15.0,1.0,393,1.645518750003248,low
sts_miner,15000,251,250.0,15.0,2.0,393,1.6128133330057608,high
sts_miner,15000,251,250.0,15.0,4.0,393,1.6462752500010538,expand_high
sts_miner,15000,251,250.0,15.0,8.0,393,1.6117791669967119,expand_high
sts_miner,15000,251,250.0,15.0,16.0,386,1.6017247080017114,expand_high
sts_miner,15000,251,250.0,15.0,32.0,369,1.5860768330021529,expand_high
sts_miner,15000,251,250.0,15.0,64.0,296,1.3991366249974817,expand_high
sts_miner,15000,251,250.0,15.0,128.0,202,1.1835635829993407,expand_high
sts_miner,15000,251,250.0,15.0,96.0,250,1.3254896250000456,binary_1
