algorithm,event_count,target_pattern_count,spatial_radius,temporal_window,threshold,pattern_count,mining_seconds,phase
sts_miner,44500,690,250.0,15.0,1.0,706,8.766395584003476,low
sts_miner,44500,690,250.0,15.0,2.0,706,7.932002125002327,high
sts_miner,44500,690,250.0,15.0,4.0,706,8.473287250002613,expand_high
sts_miner,44500,690,250.0,15.0,8.0,696,8.868454625000595,expand_high
sts_miner,44500,690,250.0,15.0,16.0,682,8.653071124994312,expand_high
sts_miner,44500,690,250.0,15.0,12.0,689,8.945136583999556,binary_1
