algorithm,event_count,target_pattern_count,spatial_radius,temporal_window,threshold,pattern_count,mining_seconds,phase
sts_miner,19500,337,250.0,15.0,1.0,434,2.2424448329984443,low
sts_miner,19500,337,250.0,15.0,2.0,434,2.2556412080011796,high
sts_miner,19500,337,250.0,15.0,4.0,434,2.2278841669976828,expand_high
sts_miner,19500,337,250.0,15.0,8.0,433,2.2328219589981018,expand_high
sts_miner,19500,337,250.0,15.0,16.0,419,2.1975503330031643,expand_high
sts_miner,19500,337,250.0,15.0,32.0,398,2.1506638749997364,expand_high
sts_miner,19500,337,250.0,15.0,64.0,317,1.882026125000266,expand_high
sts_miner,19500,337,250.0,15.0,48.0,349,2.013150916995073,binary_1
