algorithm,event_count,target_pattern_count,spatial_radius,temporal_window,threshold,pattern_count,mining_seconds,phase
sts_miner,36000,523,250.0,15.0,1.0,634,5.558569959001034,low
sts_miner,36000,523,250.0,15.0,2.0,634,5.47993754199706,high
sts_miner,36000,523,250.0,15.0,4.0,633,5.451098459001514,expand_high
sts_miner,36000,523,250.0,15.0,8.0,628,5.486841749996529,expand_high
sts_miner,36000,523,250.0,15.0,16.0,614,5.522460000000137,expand_high
sts_miner,36000,523,250.0,15.0,32.0,569,5.163442582997959,expand_high
sts_miner,36000,523,250.0,15.0,64.0,507,4.7397484999964945,expand_high
sts_miner,36000,523,250.0,15.0,48.0,537,4.947873583005276,binary_1
