algorithm,event_count,target_pattern_count,spatial_radius,temporal_window,threshold,pattern_count,mining_seconds,phase
sts_miner,45500,442,250.0,15.0,1.0,709,9.534455542001524,low
sts_miner,45500,442,250.0,15.0,2.0,709,9.264346834002936,high
sts_miner,45500,442,250.0,15.0,4.0,708,8.809417415999633,expand_high
sts_miner,45500,442,250.0,15.0,8.0,699,8.917356792000646,expand_high
sts_miner,45500,442,250.0,15.0,16.0,684,7.999479165999219,expand_high
sts_miner,45500,442,250.0,15.0,32.0,655,7.7251029159961035,expand_high
sts_miner,45500,442,250.0,15.0,64.0,588,7.108031415998994,expand_high
sts_miner,45500,442,250.0,15.0,128.0,397,6.243695041994215,expand_high
sts_miner,45500,442,250.0,15.0,96.0,483,6.9904255000001285,binary_1
