algorithm,event_count,target_pattern_count,spatial_radius,temporal_window,threshold,pattern_count,mining_seconds,phase
sts_miner,28500,380,250.0,15.0,1.0,562,3.9015998339964426,low
sts_miner,28500,380,250.0,15.0,2.0,562,3.963623625000764,high
sts_miner,28500,380,250.0,15.0,4.0,562,3.9142401659992174,expand_high
sts_miner,28500,380,250.0,15.0,8.0,561,3.8974127909968956,expand_high
sts_miner,28500,380,250.0,15.0,16.0,544,3.854365125000186,expand_high
sts_miner,28500,380,250.0,15.0,32.0,525,3.7660745000030147,expand_high
sts_miner,28500,380,250.0,15.0,64.0,451,3.4402879159970325,expand_high
sts_miner,28500,380,250.0,15.0,128.0,310,2.802265083002567,expand_high
sts_miner,28500,380,250.0,15.0,96.0,366,3.0375161249976372,binary_1
