algorithm,event_count,target_pattern_count,spatial_radius,temporal_window,threshold,pattern_count,mining_seconds,phase
sts_miner,24500,469,250.0,15.0,1.0,496,3.0848859999969136,low
sts_miner,24500,469,250.0,15.0,2.0,496,3.070892957999604,high
sts_miner,24500,469,250.0,15.0,4.0,496,3.055736832997354,expand_high
sts_miner,24500,469,250.0,15.0,8.0,494,3.0723659999930533,expand_high
sts_miner,24500,469,250.0,15.0,16.0,477,3.0282565419984167,expand_high
sts_miner,24500,469,250.0,15.0,32.0,460,2.9803454170032637,expand_high
sts_miner,24500,469,250.0,15.0,24.0,468,2.9627270000055432,binary_1
