algorithm,event_count,target_pattern_count,spatial_radius,temporal_window,threshold,pattern_count,mining_seconds,phase
sts_miner,3000,114,250.0,15.0,1.0,123,0.1840048329977435,low
sts_miner,3000,114,250.0,15.0,2.0,123,0.18578208299732069,high
sts_miner,3000,114,250.0,15.0,4.0,123,0.18372045899741352,expand_high
sts_miner,3000,114,250.0,15.0,8.0,123,0.18683933300053468,expand_high
sts_miner,3000,114,250.0,15.0,16.0,123,0.18404541599738877,expand_high
sts_miner,3000,114,250.0,15.0,32.0,123,0.18387725000502542,expand_high
sts_miner,3000,114,250.0,15.0,64.0,117,0.1808285419974709,expand_high
sts_miner,3000,114,250.0,15.0,128.0,104,0.17510870799742406,expand_high
sts_miner,3000,114,250.0,15.0,96.0,112,0.17885245900106383,binary_1
