algorithm,event_count,target_pattern_count,spatial_radius,temporal_window,threshold,pattern_count,mining_seconds,phase
sts_miner,21000,355,250.0,15.0,1.0,451,2.4558377499997732,low
sts_miner,21000,355,250.0,15.0,2.0,451,2.4917557920052786,high
sts_miner,21000,355,250.0,15.0,4.0,451,2.438290625002992,expand_high
sts_miner,21000,355,250.0,15.0,8.0,448,2.462828042000183,expand_high
sts_miner,21000,355,250.0,15.0,16.0,434,2.412798625002324,expand_high
sts_miner,21000,355,250.0,15.0,32.0,415,2.3708612920017913,expand_high
sts_miner,21000,355,250.0,15.0,64.0,342,2.108600083993224,expand_high
sts_miner,21000,355,250.0,15.0,48.0,362,2.2163330420007696,binary_1
