algorithm,event_count,target_pattern_count,spatial_radius,temporal_window,threshold,pattern_count,mining_seconds,phase
stbfm,9500,110,250.0,15.0,0.0,531,0.5284855419886298,low
stbfm,9500,110,250.0,15.0,1.0,0,0.511426749988459,high
stbfm,9500,110,250.0,15.0,0.5,0,0.5094910830375738,binary_1
stbfm,9500,110,250.0,15.0,0.25,0,0.5137199169839732,binary_2
stbfm,9500,110,250.0,15.0,0.125,0,0.509456375031732,binary_3
stbfm,9500,110,250.0,15.0,0.0625,0,0.509258583013434,binary_4
stbfm,9500,110,250.0,15.0,0.03125,9,0.5107161659980193,binary_5
stbfm,9500,110,250.0,15.0,0.015625,41,0.5114408750087023,binary_6
stbfm,9500,110,250.0,15.0,0.0078125,117,0.5162886250182055,binary_7
