algorithm,event_count,target_pattern_count,spatial_radius,temporal_window,threshold,pattern_count,mining_seconds,phase
stbfm,27500,28,250.0,15.0,0.0,1172,1.570044791966211,low
stbfm,27500,28,250.0,15.0,1.0,0,1.5560847500455566,high
stbfm,27500,28,250.0,15.0,0.5,0,1.52087541698711,binary_1
stbfm,27500,28,250.0,15.0,0.25,0,1.5522929999860935,binary_2
stbfm,27500,28,250.0,15.0,0.125,0,1.5379253340070136,binary_3
stbfm,27500,28,250.0,15.0,0.0625,0,1.5201225829659961,binary_4
stbfm,27500,28,250.0,15.0,0.03125,6,1.5368427089997567,binary_5
stbfm,27500,28,250.0,15.0,0.015625,27,1.549612042028457,binary_6
