sequence,length,participation_index,tail_event_count,last_participation_ratio
Office -> Building,2,0.07801418439716312,22,0.07801418439716312
Office -> Coffee Shop,2,0.059625212947189095,35,0.059625212947189095
Coffee Shop -> Office,2,0.052095130237825596,46,0.052095130237825596
Office -> Clothing Store,2,0.043689320388349516,9,0.043689320388349516
Deli / Bodega -> Bank,2,0.04225352112676056,6,0.04225352112676056
Office -> Hotel,2,0.04184100418410042,10,0.04184100418410042
Office -> Deli / Bodega,2,0.03559870550161812,11,0.03559870550161812
Gym / Fitness Center -> Bank,2,0.035211267605633804,5,0.035211267605633804
