algorithm,event_count,target_pattern_count,spatial_radius,temporal_window,threshold,pattern_count,mining_seconds,phase
stbfm,16500,100,250.0,15.0,0.0,783,0.956548499991186,low
stbfm,16500,100,250.0,15.0,1.0,0,0.9058777909958735,high
stbfm,16500,100,250.0,15.0,0.5,0,0.9082636249950156,binary_1
stbfm,16500,100,250.0,15.0,0.25,0,0.9255380409886129,binary_2
stbfm,16500,100,250.0,15.0,0.125,0,0.899202625034377,binary_3
stbfm,16500,100,250.0,15.0,0.0625,0,0.9184207919752225,binary_4
stbfm,16500,100,250.0,15.0,0.03125,6,0.9255189579562284,binary_5
stbfm,16500,100,250.0,15.0,0.015625,29,0.901070665975567,binary_6
stbfm,16500,100,250.0,15.0,0.0078125,104,0.9092644169577397,binary_7
