algorithm,event_count,target_pattern_count,spatial_radius,temporal_window,threshold,pattern_count,mining_seconds,phase
sts_miner,39000,613,250.0,15.0,1.0,668,6.325761208001495,low
sts_miner,39000,613,250.0,15.0,2.0,668,6.151254167001753,high
sts_miner,39000,613,250.0,15.0,4.0,667,6.584852125000907,expand_high
sts_miner,39000,613,250.0,15.0,8.0,661,6.158623333001742,expand_high
sts_miner,39000,613,250.0,15.0,16.0,650,6.009279375000915,expand_high
sts_miner,39000,613,250.0,15.0,32.0,616,5.804028875001677,expand_high
sts_miner,39000,613,250.0,15.0,64.0,530,5.282347874999687,expand_high
sts_miner,39000,613,250.0,15.0,48.0,591,5.6671527920007065,binary_1
