algorithm,event_count,target_pattern_count,spatial_radius,temporal_window,threshold,pattern_count,mining_seconds,phase
sts_miner,12000,222,250.0,15.0,1.0,324,1.1941112080003222,low
sts_miner,12000,222,250.0,15.0,2.0,324,1.2109276249998402,high
sts_miner,12000,222,250.0,15.0,4.0,324,1.185612583999955,expand_high
sts_miner,12000,222,250.0,15.0,8.0,323,1.2178234999996675,expand_high
sts_miner,12000,222,250.0,15.0,16.0,316,1.1971894160001284,expand_high
sts_miner,12000,222,250.0,15.0,32.0,302,1.2541009999999915,expand_high
sts_miner,12000,222,250.0,15.0,64.0,266,1.119119750000209,expand_high
sts_miner,12000,222,250.0,15.0,128.0,206,0.9936712499998066,expand_high
sts_miner,12000,222,250.0,15.0,96.0,232,1.0526937499998894,binary_1
