algorithm,event_count,target_pattern_count,spatial_radius,temporal_window,threshold,pattern_count,mining_seconds,phase
sts_miner,500,28,250.0,15.0,1.0,29,0.026433875000009266,low
sts_miner,500,28,250.0,15.0,2.0,29,0.026221834000011768,high
sts_miner,500,28,250.0,15.0,4.0,29,0.025970292000010886,expand_high
sts_miner,500,28,250.0,15.0,8.0,29,0.02618620799998439,expand_high
sts_miner,500,28,250.0,15.0,16.0,29,0.02598875000001044,expand_high
sts_miner,500,28,250.0,15.0,32.0,29,0.025627499999984593,expand_high
sts_miner,500,28,250.0,15.0,64.0,29,0.025728917000009233,expand_high
sts_miner,500,28,250.0,15.0,128.0,28,0.025471833000011657,expand_high
sts_miner,500,28,250.0,15.0,96.0,29,0.026418124999992187,binary_1
