algorithm,event_count,target_pattern_count,spatial_radius,temporal_window,threshold,pattern_count,mining_seconds,phase
sts_miner,11500,246,250.0,15.0,1.0,317,1.568690792000325,low
sts_miner,11500,246,250.0,15.0,2.0,317,1.2534736659999908,high
sts_miner,11500,246,250.0,15.0,4.0,317,1.6504243330000463,expand_high
sts_miner,11500,246,250.0,15.0,8.0,316,1.3527792919999229,expand_high
sts_miner,11500,246,250.0,15.0,16.0,311,1.4811623749997125,expand_high
sts_miner,11500,246,250.0,15.0,32.0,297,1.2574012499999299,expand_high
sts_miner,11500,246,250.0,15.0,64.0,267,1.3372088330002043,expand_high
sts_miner,11500,246,250.0,15.0,128.0,210,1.226314999999886,expand_high
sts_miner,11500,246,250.0,15.0,96.0,237,1.0254432090000591,binary_1
