algorithm,event_count,target_pattern_count,spatial_radius,temporal_window,threshold,pattern_count,mining_seconds,phase
sts_miner,25000,437,250.0,15.0,1.0,534,3.3491764170012175,low
sts_miner,25000,437,250.0,15.0,2.0,534,3.2944040410002344,high
sts_miner,25000,437,250.0,15.0,4.0,534,3.3005712920003134,expand_high
sts_miner,25000,437,250.0,15.0,8.0,532,3.2970375420009077,expand_high
sts_miner,25000,437,250.0,15.0,16.0,516,3.212046916998588,expand_high
sts_miner,25000,437,250.0,15.0,32.0,478,3.1196399170003133,expand_high
sts_miner,25000,437,250.0,15.0,64.0,414,2.852737375000288,expand_high
sts_miner,25000,437,250.0,15.0,48.0,448,3.007314166001379,binary_1
