algorithm,event_count,target_pattern_count,spatial_radius,temporal_window,threshold,pattern_count,mining_seconds,phase
sts_miner,12500,230,250.0,15.0,1.0,333,1.3046295829999508,low
sts_miner,12500,230,250.0,15.0,2.0,333,1.297258249999686,high
sts_miner,12500,230,250.0,15.0,4.0,333,1.2550600419999682,expand_high
sts_miner,12500,230,250.0,15.0,8.0,332,1.2497568750000028,expand_high
sts_miner,12500,230,250.0,15.0,16.0,325,1.2743219999997564,expand_high
sts_miner,12500,230,250.0,15.0,32.0,308,1.2097579999999653,expand_high
sts_miner,12500,230,250.0,15.0,64.0,277,1.177821541999947,expand_high
sts_miner,12500,230,250.0,15.0,128.0,206,1.0184195000001637,expand_high
sts_miner,12500,230,250.0,15.0,96.0,241,1.1091981250001481,binary_1
