algorithm,event_count,target_pattern_count,spatial_radius,temporal_window,threshold,pattern_count,mining_seconds,phase
sts_miner,20000,439,250.0,15.0,1.0,445,2.3279747090000456,low
sts_miner,20000,439,250.0,15.0,2.0,445,2.3610647079995033,high
sts_miner,20000,439,250.0,15.0,4.0,445,2.297194750000017,expand_high
sts_miner,20000,439,250.0,15.0,8.0,443,2.3207214579997526,expand_high
sts_miner,20000,439,250.0,15.0,16.0,429,2.2746627500000614,expand_high
sts_miner,20000,439,250.0,15.0,12.0,440,2.343791584000428,binary_1
