length,support,support_ratio,event_type_sequence,locations,weights,weight_ratios
2,3.4050777088063415,0.34050777088063416,Home (private) -> Neighborhood,"[(-73.83179157972336, 40.8389648247285), (-73.83179157972336, 40.88144514932435)]","(3.4050777088063415,)","(0.34050777088063416,)"
2,2.794264231975464,0.2794264231975464,Home (private) -> Neighborhood,"[(-73.8908548951149, 40.88144514932435), (-73.83179157972336, 40.88144514932435)]","(2.794264231975464,)","(0.2794264231975464,)"
2,2.212982165611194,0.2212982165611194,Home (private) -> Neighborhood,"[(-73.8908548951149, 40.8389648247285), (-73.83179157972336, 40.88144514932435)]","(2.212982165611194,)","(0.2212982165611194,)"
2,2.0490194274249944,0.20490194274249945,Deli / Bodega -> Other Great Outdoors,"[(-74.00898152589798, 40.62656320174925), (-73.94991821050644, 40.6690435263451)]","(2.0490194274249944,)","(0.20490194274249945,)"
2,2.0488921978929704,0.20488921978929703,Food & Drink Shop -> Other Great Outdoors,"[(-73.94991821050644, 40.7540041755368), (-73.94991821050644, 40.6690435263451)]","(2.0488921978929704,)","(0.20488921978929703,)"
