length,support,support_ratio,event_type_sequence,locations,weights,weight_ratios
2,4.008992953612108,0.4008992953612108,Home (private) -> Bar,"[(-73.71366494894028, 40.6690435263451), (-73.77272826433182, 40.62656320174925)]","(4.008992953612108,)","(0.4008992953612108,)"
2,3.7069789577874297,0.37069789577874296,Bus Station -> Bar,"[(-73.77272826433182, 40.6690435263451), (-73.77272826433182, 40.62656320174925)]","(3.7069789577874297,)","(0.37069789577874296,)"
2,3.387258559151529,0.3387258559151529,Other Great Outdoors -> Deli / Bodega,"[(-73.83179157972336, 40.8389648247285), (-73.8908548951149, 40.8389648247285)]","(3.387258559151529,)","(0.3387258559151529,)"
2,3.2440642336087304,0.32440642336087305,Other Great Outdoors -> Residential Building (Apartment / Condo),"[(-73.83179157972336, 40.8389648247285), (-73.8908548951149, 40.8389648247285)]","(3.2440642336087304,)","(0.32440642336087305,)"
2,3.0350362577583763,0.3035036257758376,Home (private) -> Bar,"[(-73.8908548951149, 40.62656320174925), (-73.77272826433182, 40.62656320174925)]","(3.0350362577583763,)","(0.3035036257758376,)"
2,3.0161265690324117,0.3016126569032412,Other Great Outdoors -> Bar,"[(-73.8908548951149, 40.62656320174925), (-73.77272826433182, 40.62656320174925)]","(3.0161265690324117,)","(0.3016126569032412,)"
2,2.5248865650292833,0.25248865650292834,Bus Station -> Bar,"[(-73.8908548951149, 40.62656320174925), (-73.77272826433182, 40.62656320174925)]","(2.5248865650292833,)","(0.25248865650292834,)"
2,2.348310599931228,0.2348310599931228,Subway -> Bar,"[(-73.8908548951149, 40.62656320174925), (-73.77272826433182, 40.62656320174925)]","(2.348310599931228,)","(0.2348310599931228,)"
