sequence,length,participation_index,tail_event_count,last_participation_ratio
Office -> Building,2,0.05089820359281437,34,0.05089820359281437
Office -> Deli / Bodega,2,0.041278295605858856,31,0.041278295605858856
Office -> Clothing Store,2,0.037109375,19,0.037109375
Office -> Coffee Shop,2,0.03644314868804665,50,0.03644314868804665
Coffee Shop -> Office,2,0.031799163179916316,76,0.031799163179916316
