sequence,length,participation_index,tail_event_count,last_participation_ratio
Office -> Building,2,0.0498220640569395,14,0.0498220640569395
Office -> Coffee Shop,2,0.042735042735042736,25,0.042735042735042736
Coffee Shop -> Office,2,0.036281179138321996,32,0.036281179138321996
Office -> Deli / Bodega,2,0.03571428571428571,11,0.03571428571428571
Office -> Clothing Store,2,0.03398058252427184,7,0.03398058252427184
Subway -> Bus Station,2,0.028011204481792718,10,0.028011204481792718
