algorithm,event_count,target_pattern_count,spatial_radius,temporal_window,threshold,pattern_count,mining_seconds,phase
stbfm,6500,72,250.0,15.0,0.0,272,0.3236357500136364,low
stbfm,6500,72,250.0,15.0,1.0,0,0.31737154099391773,high
stbfm,6500,72,250.0,15.0,0.5,0,0.3145311670086812,binary_1
stbfm,6500,72,250.0,15.0,0.25,0,0.3145911660103593,binary_2
stbfm,6500,72,250.0,15.0,0.125,0,0.3142861249798443,binary_3
stbfm,6500,72,250.0,15.0,0.0625,0,0.315806500002509,binary_4
stbfm,6500,72,250.0,15.0,0.03125,5,0.31491137499688193,binary_5
stbfm,6500,72,250.0,15.0,0.015625,23,0.3195393329951912,binary_6
stbfm,6500,72,250.0,15.0,0.0078125,72,0.34160637500463054,binary_7
