sequence,length,participation_index,tail_event_count,last_participation_ratio
Office -> Building,2,0.04579517069109076,55,0.04579517069109076
Office -> Deli / Bodega,2,0.04253731343283582,57,0.04253731343283582
Office -> Coffee Shop,2,0.03986847513357994,97,0.03986847513357994
Office -> Clothing Store,2,0.03202479338842975,31,0.03202479338842975
Coffee Shop -> Office,2,0.03104726598702502,134,0.03104726598702502
Coffee Shop -> Clothing Store,2,0.023760330578512397,23,0.023760330578512397
