algorithm,event_count,target_pattern_count,spatial_radius,temporal_window,threshold,pattern_count,mining_seconds,phase
stbfm,10000,7,250.0,15.0,0.0,372,0.5081508329894859,low
stbfm,10000,7,250.0,15.0,1.0,0,0.4943876250181347,high
stbfm,10000,7,250.0,15.0,0.5,0,0.5205624579975847,binary_1
stbfm,10000,7,250.0,15.0,0.25,0,0.5004326659836806,binary_2
stbfm,10000,7,250.0,15.0,0.125,0,0.49653158299042843,binary_3
stbfm,10000,7,250.0,15.0,0.0625,0,0.4925054579798598,binary_4
stbfm,10000,7,250.0,15.0,0.03125,5,0.49156833402230404,binary_5
stbfm,10000,7,250.0,15.0,0.015625,17,0.49838124998495914,binary_6
stbfm,10000,7,250.0,15.0,0.0234375,6,0.5188353330013342,binary_7
