algorithm,event_count,target_pattern_count,spatial_radius,temporal_window,threshold,pattern_count,mining_seconds,phase
stbfm,26000,74,250.0,15.0,0.0,779,1.3429542079975363,low
stbfm,26000,74,250.0,15.0,1.0,0,1.3392484159849118,high
stbfm,26000,74,250.0,15.0,0.5,0,1.310586167004658,binary_1
stbfm,26000,74,250.0,15.0,0.25,0,1.3394099169818219,binary_2
stbfm,26000,74,250.0,15.0,0.125,0,1.3044719579920638,binary_3
stbfm,26000,74,250.0,15.0,0.0625,0,1.3294548749981914,binary_4
stbfm,26000,74,250.0,15.0,0.03125,4,1.3326263329945505,binary_5
stbfm,26000,74,250.0,15.0,0.015625,14,1.314717417000793,binary_6
stbfm,26000,74,250.0,15.0,0.0078125,69,1.3543856249889359,binary_7
