algorithm,event_count,target_pattern_count,spatial_radius,temporal_window,threshold,pattern_count,mining_seconds,phase
stbfm,23500,6,250.0,15.0,0.0,758,1.2325567090010736,low
stbfm,23500,6,250.0,15.0,1.0,0,1.1876978750224225,high
stbfm,23500,6,250.0,15.0,0.5,0,1.1954644579964224,binary_1
stbfm,23500,6,250.0,15.0,0.25,0,1.1788153339875862,binary_2
stbfm,23500,6,250.0,15.0,0.125,0,1.2060467500123195,binary_3
stbfm,23500,6,250.0,15.0,0.0625,0,1.1849166660103947,binary_4
stbfm,23500,6,250.0,15.0,0.03125,5,1.1912843330064788,binary_5
