algorithm,event_count,target_pattern_count,spatial_radius,temporal_window,threshold,pattern_count,mining_seconds,phase
stbfm,43000,7,250.0,15.0,0.0,1116,2.467950334015768,low
stbfm,43000,7,250.0,15.0,1.0,0,2.350809625000693,high
stbfm,43000,7,250.0,15.0,0.5,0,2.377608874987345,binary_1
stbfm,43000,7,250.0,15.0,0.25,0,2.3852213339996524,binary_2
stbfm,43000,7,250.0,15.0,0.125,0,2.3827576249896083,binary_3
stbfm,43000,7,250.0,15.0,0.0625,0,2.382183375011664,binary_4
stbfm,43000,7,250.0,15.0,0.03125,4,2.376744916982716,binary_5
stbfm,43000,7,250.0,15.0,0.015625,15,2.4333619170065504,binary_6
stbfm,43000,7,250.0,15.0,0.0234375,6,2.415287541982252,binary_7
