algorithm,event_count,target_pattern_count,spatial_radius,temporal_window,threshold,pattern_count,mining_seconds,phase
stbfm,19500,7,250.0,15.0,0.0,679,1.00199654197786,low
stbfm,19500,7,250.0,15.0,1.0,0,0.9769597499980591,high
stbfm,19500,7,250.0,15.0,0.5,0,1.0042940829880536,binary_1
stbfm,19500,7,250.0,15.0,0.25,0,0.9719366659992374,binary_2
stbfm,19500,7,250.0,15.0,0.125,0,0.9999913749925327,binary_3
stbfm,19500,7,250.0,15.0,0.0625,0,0.9752247080032248,binary_4
stbfm,19500,7,250.0,15.0,0.03125,5,0.9720118750119582,binary_5
stbfm,19500,7,250.0,15.0,0.015625,16,1.0035511659807526,binary_6
stbfm,19500,7,250.0,15.0,0.0234375,6,0.9904730419802945,binary_7
