algorithm,event_count,target_pattern_count,spatial_radius,temporal_window,threshold,pattern_count,mining_seconds,phase
sts_miner,500,28,250.0,15.0,1.0,29,0.02758074999999849,low
sts_miner,500,28,250.0,15.0,2.0,29,0.027101125000001502,high
sts_miner,500,28,250.0,15.0,4.0,29,0.026564124999993055,expand_high
sts_miner,500,28,250.0,15.0,8.0,29,0.0260506669999927,expand_high
sts_miner,500,28,250.0,15.0,16.0,29,0.026141500000008477,expand_high
sts_miner,500,28,250.0,15.0,32.0,29,0.02593312499999456,expand_high
sts_miner,500,28,250.0,15.0,64.0,29,0.025851666999997747,expand_high
sts_miner,500,28,250.0,15.0,128.0,28,0.025992084000009186,expand_high
sts_miner,500,28,250.0,15.0,96.0,29,0.026669291999994016,binary_1
