algorithm,event_count,target_pattern_count,spatial_radius,temporal_window,threshold,pattern_count,mining_seconds,phase
sts_miner,11500,234,250.0,15.0,1.0,317,1.1270805409999411,low
sts_miner,11500,234,250.0,15.0,2.0,317,1.1305366669998875,high
sts_miner,11500,234,250.0,15.0,4.0,317,1.122220666999965,expand_high
sts_miner,11500,234,250.0,15.0,8.0,316,1.127656915999978,expand_high
sts_miner,11500,234,250.0,15.0,16.0,311,1.1367635839999366,expand_high
sts_miner,11500,234,250.0,15.0,32.0,297,1.094128999999839,expand_high
sts_miner,11500,234,250.0,15.0,64.0,267,1.0477137909999783,expand_high
sts_miner,11500,234,250.0,15.0,128.0,210,0.9568333339998389,expand_high
sts_miner,11500,234,250.0,15.0,96.0,237,0.9845355840000138,binary_1
