algorithm,event_count,target_pattern_count,spatial_radius,temporal_window,threshold,pattern_count,mining_seconds,phase
sts_miner,12500,242,250.0,15.0,1.0,333,1.3900325829999929,low
sts_miner,12500,242,250.0,15.0,2.0,333,1.3562315830001808,high
sts_miner,12500,242,250.0,15.0,4.0,333,1.341236125000023,expand_high
sts_miner,12500,242,250.0,15.0,8.0,332,1.3216545000000224,expand_high
sts_miner,12500,242,250.0,15.0,16.0,325,1.3771907079999437,expand_high
sts_miner,12500,242,250.0,15.0,32.0,308,1.3016973750000034,expand_high
sts_miner,12500,242,250.0,15.0,64.0,277,1.2371028330001081,expand_high
sts_miner,12500,242,250.0,15.0,128.0,206,1.0900332080000226,expand_high
sts_miner,12500,242,250.0,15.0,96.0,241,1.1543766669999513,binary_1
