algorithm,event_count,target_pattern_count,spatial_radius,temporal_window,threshold,pattern_count,mining_seconds,phase
sts_miner,12000,219,250.0,15.0,1.0,324,1.2046575409999605,low
sts_miner,12000,219,250.0,15.0,2.0,324,1.1750118330000987,high
sts_miner,12000,219,250.0,15.0,4.0,324,1.18183450000015,expand_high
sts_miner,12000,219,250.0,15.0,8.0,323,1.1904314999999315,expand_high
sts_miner,12000,219,250.0,15.0,16.0,316,1.170606583000108,expand_high
sts_miner,12000,219,250.0,15.0,32.0,302,1.1389610410001296,expand_high
sts_miner,12000,219,250.0,15.0,64.0,266,1.0735247499999332,expand_high
sts_miner,12000,219,250.0,15.0,128.0,206,0.9882174580000083,expand_high
sts_miner,12000,219,250.0,15.0,96.0,232,1.011067083999933,binary_1
