sequence,length,participation_index,tail_event_count,last_participation_ratio
Office -> Building,2,0.04814814814814815,26,0.04814814814814815
Office -> Coffee Shop,2,0.03491495076096687,39,0.03491495076096687
Office -> Clothing Store,2,0.034482758620689655,15,0.034482758620689655
Office -> Deli / Bodega,2,0.03425774877650897,21,0.03425774877650897
Coffee Shop -> Office,2,0.03248511099079589,60,0.03248511099079589
Subway -> Bus Station,2,0.027510316368638238,20,0.027510316368638238
Bar -> American Restaurant,2,0.02185792349726776,12,0.02185792349726776
Building -> Deli / Bodega,2,0.021207177814029365,13,0.021207177814029365
Coffee Shop -> Deli / Bodega,2,0.01957585644371941,12,0.01957585644371941
