algorithm,event_count,target_pattern_count,spatial_radius,temporal_window,threshold,pattern_count,mining_seconds,phase
stbfm,10000,15,250.0,15.0,0.0,372,0.5137264580116607,low
stbfm,10000,15,250.0,15.0,1.0,0,0.5071253339992836,high
stbfm,10000,15,250.0,15.0,0.5,0,0.49582091699994635,binary_1
stbfm,10000,15,250.0,15.0,0.25,0,0.5000666670093779,binary_2
stbfm,10000,15,250.0,15.0,0.125,0,0.5029209999920567,binary_3
stbfm,10000,15,250.0,15.0,0.0625,0,0.5191547499998705,binary_4
stbfm,10000,15,250.0,15.0,0.03125,5,0.5014066250005271,binary_5
stbfm,10000,15,250.0,15.0,0.015625,17,0.7748226669937139,binary_6
