algorithm,event_count,target_pattern_count,spatial_radius,temporal_window,threshold,pattern_count,mining_seconds,phase
stbfm,12500,44,250.0,15.0,0.0,333,0.5739032920027967,low
stbfm,12500,44,250.0,15.0,1.0,0,0.5592879169998923,high
stbfm,12500,44,250.0,15.0,0.5,0,0.5802694160011015,binary_1
stbfm,12500,44,250.0,15.0,0.25,0,0.5580023750007967,binary_2
stbfm,12500,44,250.0,15.0,0.125,0,0.562041582998063,binary_3
stbfm,12500,44,250.0,15.0,0.0625,0,0.5618745829997351,binary_4
stbfm,12500,44,250.0,15.0,0.03125,3,0.580283541996323,binary_5
stbfm,12500,44,250.0,15.0,0.015625,12,0.5567357090039877,binary_6
stbfm,12500,44,250.0,15.0,0.0078125,47,0.5596246249988326,binary_7
