algorithm,event_count,target_pattern_count,spatial_radius,temporal_window,threshold,pattern_count,mining_seconds,phase
stbfm,500,15,250.0,15.0,0.0,29,0.02253562500118278,low
stbfm,500,15,250.0,15.0,1.0,0,0.022168999996210914,high
stbfm,500,15,250.0,15.0,0.5,0,0.02204600000550272,binary_1
stbfm,500,15,250.0,15.0,0.25,0,0.022034207999240607,binary_2
stbfm,500,15,250.0,15.0,0.125,0,0.021957749995635822,binary_3
stbfm,500,15,250.0,15.0,0.0625,3,0.02202220899926033,binary_4
stbfm,500,15,250.0,15.0,0.03125,16,0.02210041700163856,binary_5
