sequence,length,participation_index,tail_event_count,last_participation_ratio
Office -> Deli / Bodega,2,0.037800687285223365,44,0.037800687285223365
Office -> Coffee Shop,2,0.03657362848893166,76,0.03657362848893166
Coffee Shop -> Office,2,0.030808366308648954,109,0.030808366308648954
Bar -> American Restaurant,2,0.02186878727634195,22,0.02186878727634195
Subway -> Bus Station,2,0.021849963583394028,30,0.021849963583394028
Other Great Outdoors -> Park,2,0.02090843547224225,29,0.02090843547224225
