algorithm,event_count,target_pattern_count,spatial_radius,temporal_window,threshold,pattern_count,mining_seconds,phase
stbfm,31000,44,250.0,15.0,0.0,589,1.4539842079975642,low
stbfm,31000,44,250.0,15.0,1.0,0,1.4325936249952065,high
stbfm,31000,44,250.0,15.0,0.5,0,1.408116999999038,binary_1
stbfm,31000,44,250.0,15.0,0.25,0,1.4173352920042817,binary_2
stbfm,31000,44,250.0,15.0,0.125,0,1.4173523339995882,binary_3
stbfm,31000,44,250.0,15.0,0.0625,0,1.4253700830013258,binary_4
stbfm,31000,44,250.0,15.0,0.03125,2,1.39015920899692,binary_5
stbfm,31000,44,250.0,15.0,0.015625,11,1.4234634579988779,binary_6
stbfm,31000,44,250.0,15.0,0.0078125,47,1.4058763749999343,binary_7
