algorithm,event_count,target_pattern_count,spatial_radius,temporal_window,threshold,pattern_count,mining_seconds,phase
stbfm,5000,31,250.0,15.0,0.0,300,0.2770728329778649,low
stbfm,5000,31,250.0,15.0,1.0,0,0.26755449996562675,high
stbfm,5000,31,250.0,15.0,0.5,0,0.26477349997730926,binary_1
stbfm,5000,31,250.0,15.0,0.25,0,0.26446679199580103,binary_2
stbfm,5000,31,250.0,15.0,0.125,0,0.28436649998184294,binary_3
stbfm,5000,31,250.0,15.0,0.0625,0,0.2851151250069961,binary_4
stbfm,5000,31,250.0,15.0,0.03125,10,0.34865229099523276,binary_5
stbfm,5000,31,250.0,15.0,0.015625,35,0.34895824996056035,binary_6
