algorithm,event_count,target_pattern_count,spatial_radius,temporal_window,threshold,pattern_count,mining_seconds,phase
stbfm,16500,115,250.0,15.0,0.0,783,2.369758415967226,low
stbfm,16500,115,250.0,15.0,1.0,0,1.064477458014153,high
stbfm,16500,115,250.0,15.0,0.5,0,1.0889168330468237,binary_1
stbfm,16500,115,250.0,15.0,0.25,0,1.0292710000067018,binary_2
stbfm,16500,115,250.0,15.0,0.125,0,1.1875710409949534,binary_3
stbfm,16500,115,250.0,15.0,0.0625,0,0.9862257919739932,binary_4
stbfm,16500,115,250.0,15.0,0.03125,6,1.0613628330174834,binary_5
stbfm,16500,115,250.0,15.0,0.015625,29,1.009424957970623,binary_6
stbfm,16500,115,250.0,15.0,0.0078125,104,1.044405624968931,binary_7
