algorithm,event_count,target_pattern_count,spatial_radius,temporal_window,threshold,pattern_count,mining_seconds,phase
stbfm,37500,90,250.0,15.0,0.0,1455,2.2132579169701785,low
stbfm,37500,90,250.0,15.0,1.0,0,2.133949415991083,high
stbfm,37500,90,250.0,15.0,0.5,0,2.118399833969306,binary_1
stbfm,37500,90,250.0,15.0,0.25,0,2.147323500015773,binary_2
stbfm,37500,90,250.0,15.0,0.125,0,2.0929035000153817,binary_3
stbfm,37500,90,250.0,15.0,0.0625,0,2.121048333996441,binary_4
stbfm,37500,90,250.0,15.0,0.03125,4,2.1295678329770453,binary_5
stbfm,37500,90,250.0,15.0,0.015625,33,2.1518484580446966,binary_6
stbfm,37500,90,250.0,15.0,0.0078125,99,2.1730048339813948,binary_7
