algorithm,event_count,target_pattern_count,spatial_radius,temporal_window,threshold,pattern_count,mining_seconds,phase
stbfm,1500,99,250.0,15.0,0.0,136,0.08501779101788998,low
stbfm,1500,99,250.0,15.0,1.0,0,0.0910213750321418,high
stbfm,1500,99,250.0,15.0,0.5,0,0.09122429101262242,binary_1
stbfm,1500,99,250.0,15.0,0.25,0,0.08328454196453094,binary_2
stbfm,1500,99,250.0,15.0,0.125,0,0.0956566659733653,binary_3
stbfm,1500,99,250.0,15.0,0.0625,1,0.08625841600587592,binary_4
stbfm,1500,99,250.0,15.0,0.03125,26,0.08162224997067824,binary_5
stbfm,1500,99,250.0,15.0,0.015625,69,0.09497895900858566,binary_6
stbfm,1500,99,250.0,15.0,0.0078125,109,0.08427658304572105,binary_7
