algorithm,event_count,target_pattern_count,spatial_radius,temporal_window,threshold,pattern_count,mining_seconds,phase
stbfm,27500,114,250.0,15.0,0.0,1172,1.587340291007422,low
stbfm,27500,114,250.0,15.0,1.0,0,1.5567382090375759,high
stbfm,27500,114,250.0,15.0,0.5,0,1.508405499975197,binary_1
stbfm,27500,114,250.0,15.0,0.25,0,1.548376124992501,binary_2
stbfm,27500,114,250.0,15.0,0.125,0,1.5037464590277523,binary_3
stbfm,27500,114,250.0,15.0,0.0625,0,1.5482049169950187,binary_4
stbfm,27500,114,250.0,15.0,0.03125,6,1.5346666669938713,binary_5
stbfm,27500,114,250.0,15.0,0.015625,27,1.530075290997047,binary_6
stbfm,27500,114,250.0,15.0,0.0078125,103,1.557629166985862,binary_7
