algorithm,event_count,target_pattern_count,spatial_radius,temporal_window,threshold,pattern_count,mining_seconds,phase
stbfm,39000,91,250.0,15.0,0.0,1486,2.2775041249697097,low
stbfm,39000,91,250.0,15.0,1.0,0,2.1516725840047,high
stbfm,39000,91,250.0,15.0,0.5,0,2.1597420829930343,binary_1
stbfm,39000,91,250.0,15.0,0.25,0,2.1597977909841575,binary_2
stbfm,39000,91,250.0,15.0,0.125,0,2.1543235419667326,binary_3
stbfm,39000,91,250.0,15.0,0.0625,0,2.1535789589979686,binary_4
stbfm,39000,91,250.0,15.0,0.03125,4,2.1579188329633325,binary_5
stbfm,39000,91,250.0,15.0,0.015625,33,2.1872909169760533,binary_6
stbfm,39000,91,250.0,15.0,0.0078125,99,2.176543749985285,binary_7
