length,support,support_ratio,event_type_sequence,locations,weights,weight_ratios
2,1.80038721011948,0.180038721011948,Residential Building (Apartment / Condo) -> Office,"[(-74.00898152589798, 40.7540041755368), (-74.00898152589798, 40.6690435263451)]","(1.80038721011948,)","(0.180038721011948,)"
2,1.7859423499182694,0.17859423499182694,Gym / Fitness Center -> Office,"[(-74.00898152589798, 40.7540041755368), (-74.00898152589798, 40.6690435263451)]","(1.7859423499182694,)","(0.17859423499182694,)"
2,1.7413634973952863,0.17413634973952863,College Academic Building -> Office,"[(-74.00898152589798, 40.71152385094095), (-74.00898152589798, 40.6690435263451)]","(1.7413634973952863,)","(0.17413634973952863,)"
2,1.7257136030228533,0.17257136030228531,American Restaurant -> Office,"[(-74.00898152589798, 40.71152385094095), (-74.00898152589798, 40.6690435263451)]","(1.7257136030228533,)","(0.17257136030228531,)"
2,1.6894290776923981,0.16894290776923981,Bar -> Office,"[(-74.00898152589798, 40.71152385094095), (-74.00898152589798, 40.6690435263451)]","(1.6894290776923981,)","(0.16894290776923981,)"
2,1.6539074638178768,0.1653907463817877,Subway -> Office,"[(-74.00898152589798, 40.5840828771534), (-74.00898152589798, 40.6690435263451)]","(1.6539074638178768,)","(0.1653907463817877,)"
2,1.6236365638985035,0.16236365638985034,American Restaurant -> Office,"[(-73.94991821050644, 40.71152385094095), (-74.00898152589798, 40.6690435263451)]","(1.6236365638985035,)","(0.16236365638985034,)"
