algorithm,event_count,target_pattern_count,spatial_radius,temporal_window,threshold,pattern_count,mining_seconds,phase
sts_miner,30500,1096,250.0,15.0,1.0,1256,8.060733249993064,low
sts_miner,30500,1096,250.0,15.0,2.0,1256,7.957889542041812,high
sts_miner,30500,1096,250.0,15.0,4.0,1256,7.963054124964401,expand_high
sts_miner,30500,1096,250.0,15.0,8.0,1254,7.999613333959132,expand_high
sts_miner,30500,1096,250.0,15.0,16.0,1236,7.906731666997075,expand_high
sts_miner,30500,1096,250.0,15.0,32.0,1199,7.739618041028734,expand_high
sts_miner,30500,1096,250.0,15.0,64.0,1033,6.974605625029653,expand_high
sts_miner,30500,1096,250.0,15.0,48.0,1103,7.367936499998905,binary_1
