algorithm,event_count,target_pattern_count,spatial_radius,temporal_window,threshold,pattern_count,mining_seconds,phase
sts_miner,41500,1570,250.0,15.0,1.0,1653,14.855042874987703,low
sts_miner,41500,1570,250.0,15.0,2.0,1653,14.149217624973971,high
sts_miner,41500,1570,250.0,15.0,4.0,1653,14.184249750047456,expand_high
sts_miner,41500,1570,250.0,15.0,8.0,1650,14.20530712499749,expand_high
sts_miner,41500,1570,250.0,15.0,16.0,1620,13.90640295803314,expand_high
sts_miner,41500,1570,250.0,15.0,32.0,1568,13.523637792037334,expand_high
sts_miner,41500,1570,250.0,15.0,24.0,1596,13.701741958037019,binary_1
