algorithm,event_count,target_pattern_count,spatial_radius,temporal_window,threshold,pattern_count,mining_seconds,phase
sts_miner,26000,898,250.0,15.0,1.0,1149,6.363011375011411,low
sts_miner,26000,898,250.0,15.0,2.0,1149,6.237039917032234,high
sts_miner,26000,898,250.0,15.0,4.0,1149,6.261767124990001,expand_high
sts_miner,26000,898,250.0,15.0,8.0,1146,6.270921417046338,expand_high
sts_miner,26000,898,250.0,15.0,16.0,1132,6.212060083984397,expand_high
sts_miner,26000,898,250.0,15.0,32.0,1095,6.040305291011464,expand_high
sts_miner,26000,898,250.0,15.0,64.0,932,5.459499792021234,expand_high
sts_miner,26000,898,250.0,15.0,128.0,739,4.613201625004876,expand_high
sts_miner,26000,898,250.0,15.0,96.0,832,5.02414575003786,binary_1
