algorithm,event_count,target_pattern_count,spatial_radius,temporal_window,threshold,pattern_count,mining_seconds,phase
sts_miner,32500,998,250.0,15.0,1.0,1336,9.042231291008648,low
sts_miner,32500,998,250.0,15.0,2.0,1336,9.089077209006064,high
sts_miner,32500,998,250.0,15.0,4.0,1336,9.04542404197855,expand_high
sts_miner,32500,998,250.0,15.0,8.0,1334,9.009446416981518,expand_high
sts_miner,32500,998,250.0,15.0,16.0,1314,8.881633249984588,expand_high
sts_miner,32500,998,250.0,15.0,32.0,1279,8.63789395900676,expand_high
sts_miner,32500,998,250.0,15.0,64.0,1108,7.909379291988444,expand_high
sts_miner,32500,998,250.0,15.0,128.0,865,6.597291625046637,expand_high
sts_miner,32500,998,250.0,15.0,96.0,1006,7.288189416984096,binary_1
