sequence,length,sequence_index,tail_event_count,last_density_ratio
Deli / Bodega -> Bank,2,1831.2899542981002,6,1831.2899542981002
Deli / Bodega -> Bank -> Pizza Place,3,1831.2899542981002,1,12196.924804901644
Drugstore / Pharmacy -> Bank,2,1619.0803887785778,4,1619.0803887785778
Drugstore / Pharmacy -> Bank -> Coffee Shop,3,1619.0803887785778,1,5703.672672820275
Bank -> Pizza Place,2,1546.0890597762648,3,1546.0890597762648
Bank -> Drugstore / Pharmacy,2,1214.3102915839331,3,1214.3102915839331
Bank -> Drugstore / Pharmacy -> Bus Station,3,1214.3102915839331,2,24800.413769966675
Bank -> Drugstore / Pharmacy -> Bus Station -> Coffee Shop,4,1214.3102915839331,2,22814.6906912811
Bank -> Drugstore / Pharmacy -> Coffee Shop,3,1214.3102915839331,2,15209.793794187399
