algorithm,event_count,target_pattern_count,spatial_radius,temporal_window,threshold,pattern_count,mining_seconds,phase
sts_miner,45000,1206,250.0,15.0,1.0,1746,16.886551332951058,low
sts_miner,45000,1206,250.0,15.0,2.0,1746,16.39308524999069,high
sts_miner,45000,1206,250.0,15.0,4.0,1745,16.341485292010475,expand_high
sts_miner,45000,1206,250.0,15.0,8.0,1740,16.326480749994516,expand_high
sts_miner,45000,1206,250.0,15.0,16.0,1714,16.064959667040966,expand_high
sts_miner,45000,1206,250.0,15.0,32.0,1622,15.466250083001796,expand_high
sts_miner,45000,1206,250.0,15.0,64.0,1457,14.24806987500051,expand_high
sts_miner,45000,1206,250.0,15.0,128.0,1159,11.779042417008895,expand_high
sts_miner,45000,1206,250.0,15.0,96.0,1284,12.811360957974102,binary_1
