algorithm,event_count,target_pattern_count,spatial_radius,temporal_window,threshold,pattern_count,mining_seconds,phase
sts_miner,46500,1311,250.0,15.0,1.0,1767,17.376039375027176,low
sts_miner,46500,1311,250.0,15.0,2.0,1767,17.195283584005665,high
sts_miner,46500,1311,250.0,15.0,4.0,1766,17.05570887500653,expand_high
sts_miner,46500,1311,250.0,15.0,8.0,1761,16.929077000007965,expand_high
sts_miner,46500,1311,250.0,15.0,16.0,1733,16.78357520903228,expand_high
sts_miner,46500,1311,250.0,15.0,32.0,1632,16.508848166966345,expand_high
sts_miner,46500,1311,250.0,15.0,64.0,1476,14.784327500034124,expand_high
sts_miner,46500,1311,250.0,15.0,128.0,1162,12.178365083003882,expand_high
sts_miner,46500,1311,250.0,15.0,96.0,1289,13.253021833021194,binary_1
