algorithm,event_count,target_pattern_count,spatial_radius,temporal_window,threshold,pattern_count,mining_seconds,phase
sts_miner,33500,1178,250.0,15.0,1.0,1355,9.587644167011604,low
sts_miner,33500,1178,250.0,15.0,2.0,1355,9.36614770902088,high
sts_miner,33500,1178,250.0,15.0,4.0,1355,9.349765708029736,expand_high
sts_miner,33500,1178,250.0,15.0,8.0,1353,9.362542084010784,expand_high
sts_miner,33500,1178,250.0,15.0,16.0,1331,9.220734458009247,expand_high
sts_miner,33500,1178,250.0,15.0,32.0,1290,9.07884600001853,expand_high
sts_miner,33500,1178,250.0,15.0,64.0,1119,8.211492416041438,expand_high
sts_miner,33500,1178,250.0,15.0,48.0,1188,8.658617999986745,binary_1
