algorithm,event_count,target_pattern_count,spatial_radius,temporal_window,threshold,pattern_count,mining_seconds,phase
sts_miner,29500,1223,250.0,15.0,1.0,1232,7.690239915973507,low
sts_miner,29500,1223,250.0,15.0,2.0,1232,7.578408582950942,high
sts_miner,29500,1223,250.0,15.0,4.0,1232,7.492039625009056,expand_high
sts_miner,29500,1223,250.0,15.0,8.0,1230,7.5642792920116335,expand_high
sts_miner,29500,1223,250.0,15.0,16.0,1214,7.481995499983896,expand_high
sts_miner,29500,1223,250.0,15.0,12.0,1222,7.517819500004407,binary_1
