algorithm,event_count,target_pattern_count,spatial_radius,temporal_window,threshold,pattern_count,mining_seconds,phase
sts_miner,14000,360,250.0,15.0,1.0,393,1.8706837089998771,low
sts_miner,14000,360,250.0,15.0,2.0,393,1.955712124999991,high
sts_miner,14000,360,250.0,15.0,4.0,393,2.0583126249998713,expand_high
sts_miner,14000,360,250.0,15.0,8.0,393,1.932629291000012,expand_high
sts_miner,14000,360,250.0,15.0,16.0,386,2.3093397080001523,expand_high
sts_miner,14000,360,250.0,15.0,32.0,367,1.5855387089998203,expand_high
sts_miner,14000,360,250.0,15.0,64.0,304,1.6639234169999781,expand_high
sts_miner,14000,360,250.0,15.0,48.0,346,1.6379184999998415,binary_1
