algorithm,event_count,target_pattern_count,spatial_radius,temporal_window,threshold,pattern_count,mining_seconds,phase
sts_miner,15000,353,250.0,15.0,1.0,393,1.7427176250000684,low
sts_miner,15000,353,250.0,15.0,2.0,393,1.7501086250001663,high
sts_miner,15000,353,250.0,15.0,4.0,393,1.938365334000082,expand_high
sts_miner,15000,353,250.0,15.0,8.0,393,2.1471227499998804,expand_high
sts_miner,15000,353,250.0,15.0,16.0,386,1.8306869170000937,expand_high
sts_miner,15000,353,250.0,15.0,32.0,369,1.9041749160001018,expand_high
sts_miner,15000,353,250.0,15.0,64.0,296,1.7592412500000592,expand_high
sts_miner,15000,353,250.0,15.0,48.0,345,1.7815509580000253,binary_1
